/*
** Copyright (c) 2024 LunarG, Inc.
**
** Permission is hereby granted, free of charge, to any person obtaining a
** copy of this software and associated documentation files (the "Software"),
** to deal in the Software without restriction, including without limitation
** the rights to use, copy, modify, merge, publish, distribute, sublicense,
** and/or sell copies of the Software, and to permit persons to whom the
** Software is furnished to do so, subject to the following conditions:
**
** The above copyright notice and this permission notice shall be included in
** all copies or substantial portions of the Software.
**
** THE SOFTWARE IS PROVIDED "AS IS", WITHOUT WARRANTY OF ANY KIND, EXPRESS OR
** IMPLIED, INCLUDING BUT NOT LIMITED TO THE WARRANTIES OF MERCHANTABILITY,
** FITNESS FOR A PARTICULAR PURPOSE AND NONINFRINGEMENT. IN NO EVENT SHALL THE
** AUTHORS OR COPYRIGHT HOLDERS BE LIABLE FOR ANY CLAIM, DAMAGES OR OTHER
** LIABILITY, WHETHER IN AN ACTION OF CONTRACT, TORT OR OTHERWISE, ARISING
** FROM, OUT OF OR IN CONNECTION WITH THE SOFTWARE OR THE USE OR OTHER
** DEALINGS IN THE SOFTWARE.
*/

#ifndef GFXRECON_DECODE_VULKAN_ADDRESS_REPLACER_SHADERS_H
#define GFXRECON_DECODE_VULKAN_ADDRESS_REPLACER_SHADERS_H

#include <array>

GFXRECON_BEGIN_NAMESPACE(gfxrecon)
GFXRECON_BEGIN_NAMESPACE(decode)

// g_replacer_sbt_comp: original GLSL source
#if 0
#version 460
#extension GL_EXT_buffer_reference2 : require

/// -> hash.glsl
uint xxhash32(uint lhs, uint rhs)
{
    const uint PRIME32_2 = 2246822519U, PRIME32_3 = 3266489917U;
    const uint PRIME32_4 = 668265263U, PRIME32_5 = 374761393U;
    uint h32 = lhs + PRIME32_5 + rhs * PRIME32_3;
    h32 = PRIME32_4 * ((h32 << 17) | (h32 >> (32 - 17)));
    h32 = PRIME32_2 * (h32 ^ (h32 >> 15));
    h32 = PRIME32_3 * (h32 ^ (h32 >> 13));
    return h32 ^ (h32 >> 16);
}

//! xxhash32 for arrays of uint32_t
#define DEFINE_XXHASH32(LEN)                   \
    uint xxhash32(const uint key[LEN], uint h) \
    {                                          \
        for (uint i = 0; i < LEN; ++i)         \
        {                                      \
            h = xxhash32(key[i], h);           \
        }                                      \
        return h;                              \
    }                                          \
/// hash.glsl

DEFINE_XXHASH32(8);

// 32-byte wide opaque handle
struct shader_group_handle_t
{
    uint data[8];
};
const shader_group_handle_t k_null_handle = shader_group_handle_t(uint[](0, 0, 0, 0, 0, 0, 0, 0));

bool equal(const shader_group_handle_t lhs, const shader_group_handle_t rhs)
{
    for(uint i = 0; i < 8; ++i)
    {
        if(lhs.data[i] != rhs.data[i])
        {
            return false;
        }
    }
    return true;
}

bool is_null(const shader_group_handle_t h){ return equal(h, k_null_handle); }

struct hashmap_item_t
{
    shader_group_handle_t key;
    shader_group_handle_t value;
};
layout(buffer_reference, std430) buffer readonly HashMapStorage{ hashmap_item_t v[]; };

//! 16 bytes
struct hashmap_t
{
    HashMapStorage storage;
    uint size;
    uint capacity;
};

uint hash(const shader_group_handle_t group_handle)
{
    return xxhash32(group_handle.data, 0);
}

shader_group_handle_t get(const hashmap_t hashmap, const shader_group_handle_t key)
{
    if(is_null(key) || hashmap.capacity == 0) { return k_null_handle; }

    for(uint idx = hash(key);; idx++)
    {
        idx &= hashmap.capacity - 1;
        const hashmap_item_t item = hashmap.storage.v[idx];
        if(is_null(item.key)) { return k_null_handle; }
        else if(equal(key, item.key) && !is_null(item.value)) { return item.value; }
    }
}

layout(buffer_reference, std430) buffer GroupHandlePtr{ shader_group_handle_t group_handle; };

layout(buffer_reference, std430) buffer readonly AddressArray{ GroupHandlePtr v[]; };

struct replacer_params_t
{
    hashmap_t shader_group_handle_map;

    // input-/output-arrays can be identical when sbt-alignments/strides match
    AddressArray input_handles, output_handles;
    uint num_handles;
};

layout(push_constant, std430) uniform pc
{
    replacer_params_t params;
};

layout(local_size_x = 32, local_size_y = 1, local_size_z = 1) in;

void main()
{
    uint gid = gl_GlobalInvocationID.x;
    if(gid >= params.num_handles){ return; }

    // hashmap lookup
    shader_group_handle_t input_handle = params.input_handles.v[gid].group_handle;
    shader_group_handle_t result = get(params.shader_group_handle_map, input_handle);

    // write remapped or original value to output-array
    params.output_handles.v[gid].group_handle = is_null(result) ? input_handle : result;
}
#endif // g_replacer_sbt_comp: original GLSL source

// g_replacer_bda_binary_comp: original GLSL source
#if 0
#version 460
#extension GL_EXT_buffer_reference2 : require
#extension GL_EXT_scalar_block_layout : require
#extension GL_EXT_shader_explicit_arithmetic_types_int64 : require
#extension GL_EXT_shader_atomic_int64 : require

/// -> hash.glsl
uint xxhash32(uint lhs, uint rhs)
{
    const uint PRIME32_2 = 2246822519U, PRIME32_3 = 3266489917U;
    const uint PRIME32_4 = 668265263U, PRIME32_5 = 374761393U;
    uint h32 = lhs + PRIME32_5 + rhs * PRIME32_3;
    h32 = PRIME32_4 * ((h32 << 17) | (h32 >> (32 - 17)));
    h32 = PRIME32_2 * (h32 ^ (h32 >> 15));
    h32 = PRIME32_3 * (h32 ^ (h32 >> 13));
    return h32 ^ (h32 >> 16);
}

bool is_null(const uint64_t h){ return h == 0ul; }
const uint64_t k_null_handle = 0ul;

struct hashmap_item_t
{
    uint64_t key;
    uint64_t value;
};
layout(buffer_reference, std430) buffer readonly HashMapStorage{ hashmap_item_t v[]; };

//! 16 bytes
// struct hashmap_t
layout(buffer_reference, std430) buffer HashMapPtr
{
    HashMapStorage storage;
    uint size;
    uint capacity;
};

uint hash(uint64_t device_address)
{
    const uint64_t mask32 = 4294967295ul;
    return xxhash32(uint(device_address >> 32ul), xxhash32(uint(device_address & mask32), 0));
}

uint64_t hashmap_get(const HashMapPtr hashmap, const uint64_t key)
{
    if(is_null(key) || hashmap.capacity == 0) { return k_null_handle; }

    for(uint idx = hash(key);; idx++)
    {
        idx &= hashmap.capacity - 1;
        const hashmap_item_t item = hashmap.storage.v[idx];
        if(is_null(item.key)) { return k_null_handle; }
        else if(key == item.key && !is_null(item.value)) { return item.value; }
    }
}

void hashmap_set(const HashMapPtr hashmap, const uint64_t key, const uint64_t value)
{
    if(is_null(key) || hashmap.capacity == 0) { return; }

    for(uint idx = hash(key);; idx++)
    {
        idx &= hashmap.capacity - 1;
        uint64_t probed_key = hashmap.storage.v[idx].key;
        if(probed_key != key)
        {
            // hit another valid entry, keep probing
            if(!is_null(probed_key) && !is_null(hashmap.storage.v[idx].value)) { continue; }

            // try to insert atomically
            probed_key = atomicCompSwap(hashmap.storage.v[idx].key, probed_key, key);
            if(!is_null(probed_key) && probed_key != key)
            {
                // another thread just stole it
                continue;
            }
            // atomically increase size
            atomicAdd(hashmap.size, 1);
        }
        hashmap.storage.v[idx].value = value;
        return;
    }
}

struct storage_item_t
{
    uint64_t key;
    uint64_t value;
    uint64_t size;

};
layout(buffer_reference, scalar) buffer readonly Storage{ storage_item_t v[]; };

struct sorted_array_t
{
    Storage storage;
    uint num_items;
    uint padding;
};

//! perform a binary search, take into account offsets
uint64_t map_address(const sorted_array_t array, uint64_t capture_address)
{
    if(array.num_items == 0){ return k_null_handle; }
    uint low = 0, high = array.num_items - 1;
    uint mid;
    while(low <= high)
    {
        mid = low + (high - low) / 2;

        if(capture_address >= array.storage.v[mid].key &&
           capture_address < (array.storage.v[mid].key + max(array.storage.v[mid].size, 1ul)))
        {
            // offset calculation
            uint64_t offset = capture_address - array.storage.v[mid].key;
            return array.storage.v[mid].value + offset;
        }
        else if(capture_address < array.storage.v[mid].key){ high = mid - 1; }
        else { low = mid + 1;}
    }
    return k_null_handle;
}

layout(buffer_reference, std430) buffer readonly AddressArray{ uint64_t v[]; };

struct replacer_params_bda_t
{
    sorted_array_t device_address_array;
    HashMapPtr address_blacklist;

    // input-/output-arrays 'can' be identical
    AddressArray input_handles;
    AddressArray output_handles;
    uint num_handles;
};

layout(push_constant, std430) uniform pc
{
    replacer_params_bda_t params;
};

layout(buffer_reference, std430) buffer BufferDeviceAddressPtr{ uint64_t buffer_device_address; };
layout(buffer_reference, std430) buffer PaddedBufferDeviceAddressPtr{ uint pad; uint64_t buffer_device_address; };

//! helper to read a VkDeviceAddress from address 'ptr', read-access is 8-byte aligned
uint64_t read_address(uint64_t ptr)
{
    return (ptr & 7UL) != 0 ? PaddedBufferDeviceAddressPtr(ptr & ~7).buffer_device_address :
                              BufferDeviceAddressPtr(ptr).buffer_device_address;
}

//! helper to write a VkDeviceAddress to address 'ptr', write-access is 8-byte aligned
void write_address(uint64_t ptr, uint64_t value)
{
    if((ptr & 7UL) != 0)
    {
        PaddedBufferDeviceAddressPtr pad_helper = PaddedBufferDeviceAddressPtr(ptr & ~7);
        pad_helper.buffer_device_address = value;
    }
    else
    {
        BufferDeviceAddressPtr(ptr).buffer_device_address = value;
    }
}

layout(local_size_x = 32, local_size_y = 1, local_size_z = 1) in;

void main()
{
    uint gid = gl_GlobalInvocationID.x;
    if(gid >= params.num_handles){ return; }

    uint64_t input_address = read_address(params.input_handles.v[gid]);

    // check if we have replaced + cached this address already, avoid double-replacements
    if(hashmap_get(params.address_blacklist, params.input_handles.v[gid]) != input_address)
    {
        // binary-search lookup
        uint64_t result = map_address(params.device_address_array, input_address);

        // keep track of mapped address
        hashmap_set(params.address_blacklist, params.input_handles.v[gid], result);

        // write remapped or original value to output-array
        write_address(params.output_handles.v[gid], is_null(result) ? input_address : result);
    }
}
#endif // g_replacer_bda_binary_comp

// g_replacer_rehash_comp: original GLSL source
#if 0
#version 460
#extension GL_EXT_buffer_reference2 : require
#extension GL_EXT_scalar_block_layout : require
#extension GL_EXT_shader_explicit_arithmetic_types_int64 : require
#extension GL_EXT_shader_atomic_int64 : require

/// -> hash.glsl
uint xxhash32(uint lhs, uint rhs)
{
    const uint PRIME32_2 = 2246822519U, PRIME32_3 = 3266489917U;
    const uint PRIME32_4 = 668265263U, PRIME32_5 = 374761393U;
    uint h32 = lhs + PRIME32_5 + rhs * PRIME32_3;
    h32 = PRIME32_4 * ((h32 << 17) | (h32 >> (32 - 17)));
    h32 = PRIME32_2 * (h32 ^ (h32 >> 15));
    h32 = PRIME32_3 * (h32 ^ (h32 >> 13));
    return h32 ^ (h32 >> 16);
}

bool is_null(const uint64_t h){ return h == 0ul; }
const uint64_t k_null_handle = 0ul;

struct hashmap_item_t
{
    uint64_t key;
    uint64_t value;
};
layout(buffer_reference, std430) buffer readonly HashMapStorage{ hashmap_item_t v[]; };

//! 16 bytes
// struct hashmap_t
layout(buffer_reference, std430) buffer HashMapPtr
{
    HashMapStorage storage;
    uint size;
    uint capacity;
};

uint hash(uint64_t device_address)
{
    const uint64_t mask32 = 4294967295ul;
    return xxhash32(uint(device_address >> 32ul), xxhash32(uint(device_address & mask32), 0));
}

uint64_t hashmap_get(const HashMapPtr hashmap, const uint64_t key)
{
    if(is_null(key) || hashmap.capacity == 0) { return k_null_handle; }

    for(uint idx = hash(key);; idx++)
    {
        idx &= hashmap.capacity - 1;
        const hashmap_item_t item = hashmap.storage.v[idx];
        if(is_null(item.key)) { return k_null_handle; }
        else if(key == item.key && !is_null(item.value)) { return item.value; }
    }
}

void hashmap_set(const HashMapPtr hashmap, const uint64_t key, const uint64_t value)
{
    if(is_null(key) || hashmap.capacity == 0) { return; }

    for(uint idx = hash(key);; idx++)
    {
        idx &= hashmap.capacity - 1;
        uint64_t probed_key = hashmap.storage.v[idx].key;
        if(probed_key != key)
        {
            // hit another valid entry, keep probing
            if(!is_null(probed_key) && !is_null(hashmap.storage.v[idx].value)) { continue; }

            // try to insert atomically
            probed_key = atomicCompSwap(hashmap.storage.v[idx].key, probed_key, key);
            if(!is_null(probed_key) && probed_key != key)
            {
                // another thread just stole it
                continue;
            }
            // atomically increase size
            atomicAdd(hashmap.size, 1);
        }
        hashmap.storage.v[idx].value = value;
        return;
    }
}

struct rehash_params
{
    HashMapPtr hashmap_old;
    HashMapPtr hashmap_new;
};

layout(push_constant, std430) uniform pc
{
    rehash_params params;
};

layout(local_size_x = 32, local_size_y = 1, local_size_z = 1) in;

void main()
{
    uint gid = gl_GlobalInvocationID.x;
    if(gid >= params.hashmap_old.capacity){ return; }

    // insert entries from hashmap_old into hashmap_new
    uint64_t key = params.hashmap_old.storage.v[gid].key;
    uint64_t value = params.hashmap_old.storage.v[gid].value;
    hashmap_set(params.hashmap_new, key, value);
}
#endif

static const std::vector<uint8_t> g_replacer_spv = {
    0x03, 0x02, 0x23, 0x07, 0x00, 0x05, 0x01, 0x00, 0x00, 0x00, 0x28, 0x00, 0x03, 0x09, 0x00, 0x00, 0x00, 0x00, 0x00,
    0x00, 0x11, 0x00, 0x02, 0x00, 0xe3, 0x14, 0x00, 0x00, 0x11, 0x00, 0x02, 0x00, 0x0b, 0x00, 0x00, 0x00, 0x11, 0x00,
    0x02, 0x00, 0x0c, 0x00, 0x00, 0x00, 0x11, 0x00, 0x02, 0x00, 0x01, 0x00, 0x00, 0x00, 0x0a, 0x00, 0x09, 0x00, 0x53,
    0x50, 0x56, 0x5f, 0x4b, 0x48, 0x52, 0x5f, 0x70, 0x68, 0x79, 0x73, 0x69, 0x63, 0x61, 0x6c, 0x5f, 0x73, 0x74, 0x6f,
    0x72, 0x61, 0x67, 0x65, 0x5f, 0x62, 0x75, 0x66, 0x66, 0x65, 0x72, 0x00, 0x0b, 0x00, 0x06, 0x00, 0x4b, 0x01, 0x00,
    0x00, 0x47, 0x4c, 0x53, 0x4c, 0x2e, 0x73, 0x74, 0x64, 0x2e, 0x34, 0x35, 0x30, 0x00, 0x00, 0x00, 0x00, 0x0e, 0x00,
    0x03, 0x00, 0xe4, 0x14, 0x00, 0x00, 0x01, 0x00, 0x00, 0x00, 0x0f, 0x00, 0x09, 0x00, 0x05, 0x00, 0x00, 0x00, 0x02,
    0x00, 0x00, 0x00, 0x72, 0x65, 0x70, 0x6c, 0x61, 0x63, 0x65, 0x72, 0x5f, 0x62, 0x64, 0x61, 0x00, 0x00, 0x00, 0x00,
    0x54, 0x00, 0x00, 0x00, 0x4e, 0x00, 0x00, 0x00, 0x0f, 0x00, 0x09, 0x00, 0x05, 0x00, 0x00, 0x00, 0xc8, 0x01, 0x00,
    0x00, 0x72, 0x65, 0x70, 0x6c, 0x61, 0x63, 0x65, 0x72, 0x5f, 0x72, 0x65, 0x68, 0x61, 0x73, 0x68, 0x00, 0xfa, 0x01,
    0x00, 0x00, 0x4e, 0x00, 0x00, 0x00, 0x0f, 0x00, 0x09, 0x00, 0x05, 0x00, 0x00, 0x00, 0x63, 0x02, 0x00, 0x00, 0x72,
    0x65, 0x70, 0x6c, 0x61, 0x63, 0x65, 0x72, 0x5f, 0x73, 0x62, 0x74, 0x00, 0x00, 0x00, 0x00, 0x89, 0x02, 0x00, 0x00,
    0x4e, 0x00, 0x00, 0x00, 0x10, 0x00, 0x06, 0x00, 0x02, 0x00, 0x00, 0x00, 0x11, 0x00, 0x00, 0x00, 0x40, 0x00, 0x00,
    0x00, 0x01, 0x00, 0x00, 0x00, 0x01, 0x00, 0x00, 0x00, 0x10, 0x00, 0x06, 0x00, 0xc8, 0x01, 0x00, 0x00, 0x11, 0x00,
    0x00, 0x00, 0x40, 0x00, 0x00, 0x00, 0x01, 0x00, 0x00, 0x00, 0x01, 0x00, 0x00, 0x00, 0x10, 0x00, 0x06, 0x00, 0x63,
    0x02, 0x00, 0x00, 0x11, 0x00, 0x00, 0x00, 0x40, 0x00, 0x00, 0x00, 0x01, 0x00, 0x00, 0x00, 0x01, 0x00, 0x00, 0x00,
    0x03, 0x00, 0x03, 0x00, 0x0b, 0x00, 0x00, 0x00, 0x01, 0x00, 0x00, 0x00, 0x05, 0x00, 0x0a, 0x00, 0x06, 0x00, 0x00,
    0x00, 0x73, 0x6f, 0x72, 0x74, 0x65, 0x64, 0x5f, 0x61, 0x72, 0x72, 0x61, 0x79, 0x5f, 0x74, 0x5f, 0x73, 0x74, 0x64,
    0x34, 0x33, 0x30, 0x5f, 0x6c, 0x6f, 0x67, 0x69, 0x63, 0x61, 0x6c, 0x00, 0x00, 0x00, 0x06, 0x00, 0x05, 0x00, 0x06,
    0x00, 0x00, 0x00, 0x00, 0x00, 0x00, 0x00, 0x73, 0x74, 0x6f, 0x72, 0x61, 0x67, 0x65, 0x00, 0x06, 0x00, 0x06, 0x00,
    0x06, 0x00, 0x00, 0x00, 0x01, 0x00, 0x00, 0x00, 0x6e, 0x75, 0x6d, 0x5f, 0x69, 0x74, 0x65, 0x6d, 0x73, 0x00, 0x00,
    0x00, 0x06, 0x00, 0x05, 0x00, 0x06, 0x00, 0x00, 0x00, 0x02, 0x00, 0x00, 0x00, 0x5f, 0x70, 0x61, 0x64, 0x00, 0x00,
    0x00, 0x00, 0x05, 0x00, 0x0c, 0x00, 0x05, 0x00, 0x00, 0x00, 0x72, 0x65, 0x70, 0x6c, 0x61, 0x63, 0x65, 0x72, 0x5f,
    0x70, 0x61, 0x72, 0x61, 0x6d, 0x73, 0x5f, 0x62, 0x64, 0x61, 0x5f, 0x74, 0x5f, 0x73, 0x74, 0x64, 0x34, 0x33, 0x30,
    0x5f, 0x6c, 0x6f, 0x67, 0x69, 0x63, 0x61, 0x6c, 0x00, 0x00, 0x00, 0x00, 0x06, 0x00, 0x09, 0x00, 0x05, 0x00, 0x00,
    0x00, 0x00, 0x00, 0x00, 0x00, 0x64, 0x65, 0x76, 0x69, 0x63, 0x65, 0x5f, 0x61, 0x64, 0x64, 0x72, 0x65, 0x73, 0x73,
    0x5f, 0x61, 0x72, 0x72, 0x61, 0x79, 0x00, 0x00, 0x00, 0x00, 0x06, 0x00, 0x08, 0x00, 0x05, 0x00, 0x00, 0x00, 0x01,
    0x00, 0x00, 0x00, 0x61, 0x64, 0x64, 0x72, 0x65, 0x73, 0x73, 0x5f, 0x62, 0x6c, 0x61, 0x63, 0x6b, 0x6c, 0x69, 0x73,
    0x74, 0x00, 0x00, 0x00, 0x06, 0x00, 0x07, 0x00, 0x05, 0x00, 0x00, 0x00, 0x02, 0x00, 0x00, 0x00, 0x69, 0x6e, 0x70,
    0x75, 0x74, 0x5f, 0x68, 0x61, 0x6e, 0x64, 0x6c, 0x65, 0x73, 0x00, 0x00, 0x00, 0x06, 0x00, 0x07, 0x00, 0x05, 0x00,
    0x00, 0x00, 0x03, 0x00, 0x00, 0x00, 0x6f, 0x75, 0x74, 0x70, 0x75, 0x74, 0x5f, 0x68, 0x61, 0x6e, 0x64, 0x6c, 0x65,
    0x73, 0x00, 0x00, 0x06, 0x00, 0x06, 0x00, 0x05, 0x00, 0x00, 0x00, 0x04, 0x00, 0x00, 0x00, 0x6e, 0x75, 0x6d, 0x5f,
    0x68, 0x61, 0x6e, 0x64, 0x6c, 0x65, 0x73, 0x00, 0x05, 0x00, 0x0a, 0x00, 0x14, 0x00, 0x00, 0x00, 0x75, 0x74, 0x69,
    0x6c, 0x73, 0x2e, 0x68, 0x61, 0x73, 0x68, 0x6d, 0x61, 0x70, 0x5f, 0x74, 0x5f, 0x6e, 0x61, 0x74, 0x75, 0x72, 0x61,
    0x6c, 0x5f, 0x6c, 0x6f, 0x67, 0x69, 0x63, 0x61, 0x6c, 0x00, 0x06, 0x00, 0x05, 0x00, 0x14, 0x00, 0x00, 0x00, 0x00,
    0x00, 0x00, 0x00, 0x73, 0x74, 0x6f, 0x72, 0x61, 0x67, 0x65, 0x00, 0x06, 0x00, 0x05, 0x00, 0x14, 0x00, 0x00, 0x00,
    0x01, 0x00, 0x00, 0x00, 0x73, 0x69, 0x7a, 0x65, 0x00, 0x00, 0x00, 0x00, 0x06, 0x00, 0x06, 0x00, 0x14, 0x00, 0x00,
    0x00, 0x02, 0x00, 0x00, 0x00, 0x63, 0x61, 0x70, 0x61, 0x63, 0x69, 0x74, 0x79, 0x00, 0x00, 0x00, 0x00, 0x05, 0x00,
    0x0c, 0x00, 0x13, 0x00, 0x00, 0x00, 0x75, 0x74, 0x69, 0x6c, 0x73, 0x2e, 0x6d, 0x75, 0x74, 0x61, 0x62, 0x6c, 0x65,
    0x5f, 0x68, 0x61, 0x73, 0x68, 0x6d, 0x61, 0x70, 0x5f, 0x74, 0x5f, 0x6e, 0x61, 0x74, 0x75, 0x72, 0x61, 0x6c, 0x5f,
    0x6c, 0x6f, 0x67, 0x69, 0x63, 0x61, 0x6c, 0x00, 0x06, 0x00, 0x05, 0x00, 0x13, 0x00, 0x00, 0x00, 0x00, 0x00, 0x00,
    0x00, 0x62, 0x61, 0x73, 0x65, 0x00, 0x00, 0x00, 0x00, 0x05, 0x00, 0x03, 0x00, 0x21, 0x00, 0x00, 0x00, 0x69, 0x64,
    0x78, 0x00, 0x05, 0x00, 0x03, 0x00, 0x21, 0x00, 0x00, 0x00, 0x69, 0x64, 0x78, 0x00, 0x05, 0x00, 0x03, 0x00, 0x4f,
    0x00, 0x00, 0x00, 0x67, 0x69, 0x64, 0x00, 0x05, 0x00, 0x08, 0x00, 0x52, 0x00, 0x00, 0x00, 0x73, 0x6f, 0x72, 0x74,
    0x65, 0x64, 0x5f, 0x61, 0x72, 0x72, 0x61, 0x79, 0x5f, 0x74, 0x5f, 0x73, 0x74, 0x64, 0x34, 0x33, 0x30, 0x00, 0x00,
    0x00, 0x06, 0x00, 0x05, 0x00, 0x52, 0x00, 0x00, 0x00, 0x00, 0x00, 0x00, 0x00, 0x73, 0x74, 0x6f, 0x72, 0x61, 0x67,
    0x65, 0x00, 0x06, 0x00, 0x06, 0x00, 0x52, 0x00, 0x00, 0x00, 0x01, 0x00, 0x00, 0x00, 0x6e, 0x75, 0x6d, 0x5f, 0x69,
    0x74, 0x65, 0x6d, 0x73, 0x00, 0x00, 0x00, 0x06, 0x00, 0x05, 0x00, 0x52, 0x00, 0x00, 0x00, 0x02, 0x00, 0x00, 0x00,
    0x5f, 0x70, 0x61, 0x64, 0x00, 0x00, 0x00, 0x00, 0x05, 0x00, 0x0a, 0x00, 0x51, 0x00, 0x00, 0x00, 0x72, 0x65, 0x70,
    0x6c, 0x61, 0x63, 0x65, 0x72, 0x5f, 0x70, 0x61, 0x72, 0x61, 0x6d, 0x73, 0x5f, 0x62, 0x64, 0x61, 0x5f, 0x74, 0x5f,
    0x73, 0x74, 0x64, 0x34, 0x33, 0x30, 0x00, 0x00, 0x00, 0x00, 0x06, 0x00, 0x09, 0x00, 0x51, 0x00, 0x00, 0x00, 0x00,
    0x00, 0x00, 0x00, 0x64, 0x65, 0x76, 0x69, 0x63, 0x65, 0x5f, 0x61, 0x64, 0x64, 0x72, 0x65, 0x73, 0x73, 0x5f, 0x61,
    0x72, 0x72, 0x61, 0x79, 0x00, 0x00, 0x00, 0x00, 0x06, 0x00, 0x08, 0x00, 0x51, 0x00, 0x00, 0x00, 0x01, 0x00, 0x00,
    0x00, 0x61, 0x64, 0x64, 0x72, 0x65, 0x73, 0x73, 0x5f, 0x62, 0x6c, 0x61, 0x63, 0x6b, 0x6c, 0x69, 0x73, 0x74, 0x00,
    0x00, 0x00, 0x06, 0x00, 0x07, 0x00, 0x51, 0x00, 0x00, 0x00, 0x02, 0x00, 0x00, 0x00, 0x69, 0x6e, 0x70, 0x75, 0x74,
    0x5f, 0x68, 0x61, 0x6e, 0x64, 0x6c, 0x65, 0x73, 0x00, 0x00, 0x00, 0x06, 0x00, 0x07, 0x00, 0x51, 0x00, 0x00, 0x00,
    0x03, 0x00, 0x00, 0x00, 0x6f, 0x75, 0x74, 0x70, 0x75, 0x74, 0x5f, 0x68, 0x61, 0x6e, 0x64, 0x6c, 0x65, 0x73, 0x00,
    0x00, 0x06, 0x00, 0x06, 0x00, 0x51, 0x00, 0x00, 0x00, 0x04, 0x00, 0x00, 0x00, 0x6e, 0x75, 0x6d, 0x5f, 0x68, 0x61,
    0x6e, 0x64, 0x6c, 0x65, 0x73, 0x00, 0x05, 0x00, 0x08, 0x00, 0x50, 0x00, 0x00, 0x00, 0x45, 0x6e, 0x74, 0x72, 0x79,
    0x50, 0x6f, 0x69, 0x6e, 0x74, 0x50, 0x61, 0x72, 0x61, 0x6d, 0x73, 0x5f, 0x73, 0x74, 0x64, 0x34, 0x33, 0x30, 0x00,
    0x06, 0x00, 0x05, 0x00, 0x50, 0x00, 0x00, 0x00, 0x00, 0x00, 0x00, 0x00, 0x70, 0x63, 0x5f, 0x62, 0x64, 0x61, 0x00,
    0x00, 0x05, 0x00, 0x07, 0x00, 0x54, 0x00, 0x00, 0x00, 0x65, 0x6e, 0x74, 0x72, 0x79, 0x50, 0x6f, 0x69, 0x6e, 0x74,
    0x50, 0x61, 0x72, 0x61, 0x6d, 0x73, 0x00, 0x00, 0x00, 0x00, 0x05, 0x00, 0x05, 0x00, 0x6a, 0x00, 0x00, 0x00, 0x68,
    0x61, 0x6e, 0x64, 0x6c, 0x65, 0x5f, 0x70, 0x74, 0x72, 0x00, 0x00, 0x05, 0x00, 0x06, 0x00, 0x6b, 0x00, 0x00, 0x00,
    0x69, 0x6e, 0x70, 0x75, 0x74, 0x5f, 0x61, 0x64, 0x64, 0x72, 0x65, 0x73, 0x73, 0x00, 0x00, 0x00, 0x05, 0x00, 0x08,
    0x00, 0x73, 0x00, 0x00, 0x00, 0x75, 0x74, 0x69, 0x6c, 0x73, 0x2e, 0x68, 0x61, 0x73, 0x68, 0x6d, 0x61, 0x70, 0x5f,
    0x74, 0x5f, 0x6e, 0x61, 0x74, 0x75, 0x72, 0x61, 0x6c, 0x00, 0x06, 0x00, 0x05, 0x00, 0x73, 0x00, 0x00, 0x00, 0x00,
    0x00, 0x00, 0x00, 0x73, 0x74, 0x6f, 0x72, 0x61, 0x67, 0x65, 0x00, 0x06, 0x00, 0x05, 0x00, 0x73, 0x00, 0x00, 0x00,
    0x01, 0x00, 0x00, 0x00, 0x73, 0x69, 0x7a, 0x65, 0x00, 0x00, 0x00, 0x00, 0x06, 0x00, 0x06, 0x00, 0x73, 0x00, 0x00,
    0x00, 0x02, 0x00, 0x00, 0x00, 0x63, 0x61, 0x70, 0x61, 0x63, 0x69, 0x74, 0x79, 0x00, 0x00, 0x00, 0x00, 0x05, 0x00,
    0x0a, 0x00, 0x0a, 0x00, 0x00, 0x00, 0x75, 0x74, 0x69, 0x6c, 0x73, 0x2e, 0x6d, 0x75, 0x74, 0x61, 0x62, 0x6c, 0x65,
    0x5f, 0x68, 0x61, 0x73, 0x68, 0x6d, 0x61, 0x70, 0x5f, 0x74, 0x5f, 0x6e, 0x61, 0x74, 0x75, 0x72, 0x61, 0x6c, 0x00,
    0x06, 0x00, 0x05, 0x00, 0x0a, 0x00, 0x00, 0x00, 0x00, 0x00, 0x00, 0x00, 0x62, 0x61, 0x73, 0x65, 0x00, 0x00, 0x00,
    0x00, 0x05, 0x00, 0x0a, 0x00, 0x17, 0x01, 0x00, 0x00, 0x73, 0x74, 0x6f, 0x72, 0x61, 0x67, 0x65, 0x5f, 0x69, 0x74,
    0x65, 0x6d, 0x5f, 0x74, 0x5f, 0x6e, 0x61, 0x74, 0x75, 0x72, 0x61, 0x6c, 0x5f, 0x6c, 0x6f, 0x67, 0x69, 0x63, 0x61,
    0x6c, 0x00, 0x00, 0x06, 0x00, 0x04, 0x00, 0x17, 0x01, 0x00, 0x00, 0x00, 0x00, 0x00, 0x00, 0x6b, 0x65, 0x79, 0x00,
    0x06, 0x00, 0x05, 0x00, 0x17, 0x01, 0x00, 0x00, 0x01, 0x00, 0x00, 0x00, 0x76, 0x61, 0x6c, 0x75, 0x65, 0x00, 0x00,
    0x00, 0x06, 0x00, 0x05, 0x00, 0x17, 0x01, 0x00, 0x00, 0x02, 0x00, 0x00, 0x00, 0x73, 0x69, 0x7a, 0x65, 0x00, 0x00,
    0x00, 0x00, 0x05, 0x00, 0x08, 0x00, 0x07, 0x00, 0x00, 0x00, 0x73, 0x74, 0x6f, 0x72, 0x61, 0x67, 0x65, 0x5f, 0x69,
    0x74, 0x65, 0x6d, 0x5f, 0x74, 0x5f, 0x6e, 0x61, 0x74, 0x75, 0x72, 0x61, 0x6c, 0x00, 0x00, 0x06, 0x00, 0x04, 0x00,
    0x07, 0x00, 0x00, 0x00, 0x00, 0x00, 0x00, 0x00, 0x6b, 0x65, 0x79, 0x00, 0x06, 0x00, 0x05, 0x00, 0x07, 0x00, 0x00,
    0x00, 0x01, 0x00, 0x00, 0x00, 0x76, 0x61, 0x6c, 0x75, 0x65, 0x00, 0x00, 0x00, 0x06, 0x00, 0x05, 0x00, 0x07, 0x00,
    0x00, 0x00, 0x02, 0x00, 0x00, 0x00, 0x73, 0x69, 0x7a, 0x65, 0x00, 0x00, 0x00, 0x00, 0x05, 0x00, 0x03, 0x00, 0x85,
    0x01, 0x00, 0x00, 0x69, 0x64, 0x78, 0x00, 0x05, 0x00, 0x05, 0x00, 0x8b, 0x01, 0x00, 0x00, 0x70, 0x72, 0x6f, 0x62,
    0x65, 0x64, 0x5f, 0x6b, 0x65, 0x79, 0x00, 0x00, 0x05, 0x00, 0x05, 0x00, 0x9d, 0x01, 0x00, 0x00, 0x70, 0x72, 0x6f,
    0x62, 0x65, 0x64, 0x5f, 0x6b, 0x65, 0x79, 0x00, 0x00, 0x05, 0x00, 0x06, 0x00, 0x02, 0x00, 0x00, 0x00, 0x72, 0x65,
    0x70, 0x6c, 0x61, 0x63, 0x65, 0x72, 0x5f, 0x62, 0x64, 0x61, 0x00, 0x00, 0x00, 0x00, 0x05, 0x00, 0x0a, 0x00, 0xca,
    0x01, 0x00, 0x00, 0x72, 0x65, 0x68, 0x61, 0x73, 0x68, 0x5f, 0x70, 0x61, 0x72, 0x61, 0x6d, 0x73, 0x5f, 0x74, 0x5f,
    0x73, 0x74, 0x64, 0x34, 0x33, 0x30, 0x5f, 0x6c, 0x6f, 0x67, 0x69, 0x63, 0x61, 0x6c, 0x00, 0x00, 0x06, 0x00, 0x06,
    0x00, 0xca, 0x01, 0x00, 0x00, 0x00, 0x00, 0x00, 0x00, 0x68, 0x61, 0x73, 0x68, 0x6d, 0x61, 0x70, 0x5f, 0x6f, 0x6c,
    0x64, 0x00, 0x06, 0x00, 0x06, 0x00, 0xca, 0x01, 0x00, 0x00, 0x01, 0x00, 0x00, 0x00, 0x68, 0x61, 0x73, 0x68, 0x6d,
    0x61, 0x70, 0x5f, 0x6e, 0x65, 0x77, 0x00, 0x05, 0x00, 0x0c, 0x00, 0xce, 0x01, 0x00, 0x00, 0x75, 0x74, 0x69, 0x6c,
    0x73, 0x2e, 0x68, 0x61, 0x73, 0x68, 0x6d, 0x61, 0x70, 0x5f, 0x74, 0x2e, 0x69, 0x74, 0x65, 0x6d, 0x5f, 0x74, 0x5f,
    0x6e, 0x61, 0x74, 0x75, 0x72, 0x61, 0x6c, 0x5f, 0x6c, 0x6f, 0x67, 0x69, 0x63, 0x61, 0x6c, 0x00, 0x00, 0x06, 0x00,
    0x04, 0x00, 0xce, 0x01, 0x00, 0x00, 0x00, 0x00, 0x00, 0x00, 0x6b, 0x65, 0x79, 0x00, 0x06, 0x00, 0x05, 0x00, 0xce,
    0x01, 0x00, 0x00, 0x01, 0x00, 0x00, 0x00, 0x76, 0x61, 0x6c, 0x75, 0x65, 0x00, 0x00, 0x00, 0x05, 0x00, 0x03, 0x00,
    0xd3, 0x01, 0x00, 0x00, 0x69, 0x64, 0x78, 0x00, 0x05, 0x00, 0x03, 0x00, 0xd3, 0x01, 0x00, 0x00, 0x69, 0x64, 0x78,
    0x00, 0x05, 0x00, 0x03, 0x00, 0xf6, 0x01, 0x00, 0x00, 0x67, 0x69, 0x64, 0x00, 0x05, 0x00, 0x08, 0x00, 0xf8, 0x01,
    0x00, 0x00, 0x72, 0x65, 0x68, 0x61, 0x73, 0x68, 0x5f, 0x70, 0x61, 0x72, 0x61, 0x6d, 0x73, 0x5f, 0x74, 0x5f, 0x73,
    0x74, 0x64, 0x34, 0x33, 0x30, 0x00, 0x00, 0x06, 0x00, 0x06, 0x00, 0xf8, 0x01, 0x00, 0x00, 0x00, 0x00, 0x00, 0x00,
    0x68, 0x61, 0x73, 0x68, 0x6d, 0x61, 0x70, 0x5f, 0x6f, 0x6c, 0x64, 0x00, 0x06, 0x00, 0x06, 0x00, 0xf8, 0x01, 0x00,
    0x00, 0x01, 0x00, 0x00, 0x00, 0x68, 0x61, 0x73, 0x68, 0x6d, 0x61, 0x70, 0x5f, 0x6e, 0x65, 0x77, 0x00, 0x05, 0x00,
    0x08, 0x00, 0xf7, 0x01, 0x00, 0x00, 0x45, 0x6e, 0x74, 0x72, 0x79, 0x50, 0x6f, 0x69, 0x6e, 0x74, 0x50, 0x61, 0x72,
    0x61, 0x6d, 0x73, 0x5f, 0x73, 0x74, 0x64, 0x34, 0x33, 0x30, 0x00, 0x06, 0x00, 0x06, 0x00, 0xf7, 0x01, 0x00, 0x00,
    0x00, 0x00, 0x00, 0x00, 0x70, 0x63, 0x5f, 0x72, 0x65, 0x68, 0x61, 0x73, 0x68, 0x00, 0x00, 0x00, 0x05, 0x00, 0x07,
    0x00, 0xfa, 0x01, 0x00, 0x00, 0x65, 0x6e, 0x74, 0x72, 0x79, 0x50, 0x6f, 0x69, 0x6e, 0x74, 0x50, 0x61, 0x72, 0x61,
    0x6d, 0x73, 0x00, 0x00, 0x00, 0x00, 0x05, 0x00, 0x0a, 0x00, 0x15, 0x00, 0x00, 0x00, 0x75, 0x74, 0x69, 0x6c, 0x73,
    0x2e, 0x68, 0x61, 0x73, 0x68, 0x6d, 0x61, 0x70, 0x5f, 0x74, 0x2e, 0x69, 0x74, 0x65, 0x6d, 0x5f, 0x74, 0x5f, 0x6e,
    0x61, 0x74, 0x75, 0x72, 0x61, 0x6c, 0x00, 0x00, 0x06, 0x00, 0x04, 0x00, 0x15, 0x00, 0x00, 0x00, 0x00, 0x00, 0x00,
    0x00, 0x6b, 0x65, 0x79, 0x00, 0x06, 0x00, 0x05, 0x00, 0x15, 0x00, 0x00, 0x00, 0x01, 0x00, 0x00, 0x00, 0x76, 0x61,
    0x6c, 0x75, 0x65, 0x00, 0x00, 0x00, 0x05, 0x00, 0x03, 0x00, 0x32, 0x02, 0x00, 0x00, 0x69, 0x64, 0x78, 0x00, 0x05,
    0x00, 0x05, 0x00, 0x37, 0x02, 0x00, 0x00, 0x70, 0x72, 0x6f, 0x62, 0x65, 0x64, 0x5f, 0x6b, 0x65, 0x79, 0x00, 0x00,
    0x05, 0x00, 0x05, 0x00, 0x49, 0x02, 0x00, 0x00, 0x70, 0x72, 0x6f, 0x62, 0x65, 0x64, 0x5f, 0x6b, 0x65, 0x79, 0x00,
    0x00, 0x05, 0x00, 0x06, 0x00, 0xc8, 0x01, 0x00, 0x00, 0x72, 0x65, 0x70, 0x6c, 0x61, 0x63, 0x65, 0x72, 0x5f, 0x72,
    0x65, 0x68, 0x61, 0x73, 0x68, 0x00, 0x05, 0x00, 0x0a, 0x00, 0x66, 0x02, 0x00, 0x00, 0x75, 0x74, 0x69, 0x6c, 0x73,
    0x2e, 0x68, 0x61, 0x73, 0x68, 0x6d, 0x61, 0x70, 0x5f, 0x74, 0x5f, 0x73, 0x74, 0x64, 0x34, 0x33, 0x30, 0x5f, 0x6c,
    0x6f, 0x67, 0x69, 0x63, 0x61, 0x6c, 0x00, 0x00, 0x06, 0x00, 0x05, 0x00, 0x66, 0x02, 0x00, 0x00, 0x00, 0x00, 0x00,
    0x00, 0x73, 0x74, 0x6f, 0x72, 0x61, 0x67, 0x65, 0x00, 0x06, 0x00, 0x05, 0x00, 0x66, 0x02, 0x00, 0x00, 0x01, 0x00,
    0x00, 0x00, 0x73, 0x69, 0x7a, 0x65, 0x00, 0x00, 0x00, 0x00, 0x06, 0x00, 0x06, 0x00, 0x66, 0x02, 0x00, 0x00, 0x02,
    0x00, 0x00, 0x00, 0x63, 0x61, 0x70, 0x61, 0x63, 0x69, 0x74, 0x79, 0x00, 0x00, 0x00, 0x00, 0x05, 0x00, 0x0c, 0x00,
    0x65, 0x02, 0x00, 0x00, 0x72, 0x65, 0x70, 0x6c, 0x61, 0x63, 0x65, 0x72, 0x5f, 0x70, 0x61, 0x72, 0x61, 0x6d, 0x73,
    0x5f, 0x73, 0x62, 0x74, 0x5f, 0x74, 0x5f, 0x73, 0x74, 0x64, 0x34, 0x33, 0x30, 0x5f, 0x6c, 0x6f, 0x67, 0x69, 0x63,
    0x61, 0x6c, 0x00, 0x00, 0x00, 0x00, 0x06, 0x00, 0x09, 0x00, 0x65, 0x02, 0x00, 0x00, 0x00, 0x00, 0x00, 0x00, 0x73,
    0x68, 0x61, 0x64, 0x65, 0x72, 0x5f, 0x67, 0x72, 0x6f, 0x75, 0x70, 0x5f, 0x68, 0x61, 0x6e, 0x64, 0x6c, 0x65, 0x5f,
    0x6d, 0x61, 0x70, 0x00, 0x06, 0x00, 0x07, 0x00, 0x65, 0x02, 0x00, 0x00, 0x01, 0x00, 0x00, 0x00, 0x69, 0x6e, 0x70,
    0x75, 0x74, 0x5f, 0x68, 0x61, 0x6e, 0x64, 0x6c, 0x65, 0x73, 0x00, 0x00, 0x00, 0x06, 0x00, 0x07, 0x00, 0x65, 0x02,
    0x00, 0x00, 0x02, 0x00, 0x00, 0x00, 0x6f, 0x75, 0x74, 0x70, 0x75, 0x74, 0x5f, 0x68, 0x61, 0x6e, 0x64, 0x6c, 0x65,
    0x73, 0x00, 0x00, 0x06, 0x00, 0x06, 0x00, 0x65, 0x02, 0x00, 0x00, 0x03, 0x00, 0x00, 0x00, 0x6e, 0x75, 0x6d, 0x5f,
    0x68, 0x61, 0x6e, 0x64, 0x6c, 0x65, 0x73, 0x00, 0x05, 0x00, 0x0a, 0x00, 0x70, 0x02, 0x00, 0x00, 0x5f, 0x41, 0x72,
    0x72, 0x61, 0x79, 0x5f, 0x6e, 0x61, 0x74, 0x75, 0x72, 0x61, 0x6c, 0x5f, 0x75, 0x69, 0x6e, 0x74, 0x5f, 0x6c, 0x6f,
    0x67, 0x69, 0x63, 0x61, 0x6c, 0x38, 0x00, 0x00, 0x00, 0x00, 0x06, 0x00, 0x05, 0x00, 0x70, 0x02, 0x00, 0x00, 0x00,
    0x00, 0x00, 0x00, 0x64, 0x61, 0x74, 0x61, 0x00, 0x00, 0x00, 0x00, 0x05, 0x00, 0x0c, 0x00, 0x6f, 0x02, 0x00, 0x00,
    0x73, 0x68, 0x61, 0x64, 0x65, 0x72, 0x5f, 0x67, 0x72, 0x6f, 0x75, 0x70, 0x5f, 0x68, 0x61, 0x6e, 0x64, 0x6c, 0x65,
    0x5f, 0x74, 0x5f, 0x6e, 0x61, 0x74, 0x75, 0x72, 0x61, 0x6c, 0x5f, 0x6c, 0x6f, 0x67, 0x69, 0x63, 0x61, 0x6c, 0x00,
    0x00, 0x00, 0x06, 0x00, 0x05, 0x00, 0x6f, 0x02, 0x00, 0x00, 0x00, 0x00, 0x00, 0x00, 0x64, 0x61, 0x74, 0x61, 0x00,
    0x00, 0x00, 0x00, 0x05, 0x00, 0x03, 0x00, 0x84, 0x02, 0x00, 0x00, 0x67, 0x69, 0x64, 0x00, 0x05, 0x00, 0x08, 0x00,
    0x87, 0x02, 0x00, 0x00, 0x75, 0x74, 0x69, 0x6c, 0x73, 0x2e, 0x68, 0x61, 0x73, 0x68, 0x6d, 0x61, 0x70, 0x5f, 0x74,
    0x5f, 0x73, 0x74, 0x64, 0x34, 0x33, 0x30, 0x00, 0x00, 0x06, 0x00, 0x05, 0x00, 0x87, 0x02, 0x00, 0x00, 0x00, 0x00,
    0x00, 0x00, 0x73, 0x74, 0x6f, 0x72, 0x61, 0x67, 0x65, 0x00, 0x06, 0x00, 0x05, 0x00, 0x87, 0x02, 0x00, 0x00, 0x01,
    0x00, 0x00, 0x00, 0x73, 0x69, 0x7a, 0x65, 0x00, 0x00, 0x00, 0x00, 0x06, 0x00, 0x06, 0x00, 0x87, 0x02, 0x00, 0x00,
    0x02, 0x00, 0x00, 0x00, 0x63, 0x61, 0x70, 0x61, 0x63, 0x69, 0x74, 0x79, 0x00, 0x00, 0x00, 0x00, 0x05, 0x00, 0x0a,
    0x00, 0x86, 0x02, 0x00, 0x00, 0x72, 0x65, 0x70, 0x6c, 0x61, 0x63, 0x65, 0x72, 0x5f, 0x70, 0x61, 0x72, 0x61, 0x6d,
    0x73, 0x5f, 0x73, 0x62, 0x74, 0x5f, 0x74, 0x5f, 0x73, 0x74, 0x64, 0x34, 0x33, 0x30, 0x00, 0x00, 0x00, 0x00, 0x06,
    0x00, 0x09, 0x00, 0x86, 0x02, 0x00, 0x00, 0x00, 0x00, 0x00, 0x00, 0x73, 0x68, 0x61, 0x64, 0x65, 0x72, 0x5f, 0x67,
    0x72, 0x6f, 0x75, 0x70, 0x5f, 0x68, 0x61, 0x6e, 0x64, 0x6c, 0x65, 0x5f, 0x6d, 0x61, 0x70, 0x00, 0x06, 0x00, 0x07,
    0x00, 0x86, 0x02, 0x00, 0x00, 0x01, 0x00, 0x00, 0x00, 0x69, 0x6e, 0x70, 0x75, 0x74, 0x5f, 0x68, 0x61, 0x6e, 0x64,
    0x6c, 0x65, 0x73, 0x00, 0x00, 0x00, 0x06, 0x00, 0x07, 0x00, 0x86, 0x02, 0x00, 0x00, 0x02, 0x00, 0x00, 0x00, 0x6f,
    0x75, 0x74, 0x70, 0x75, 0x74, 0x5f, 0x68, 0x61, 0x6e, 0x64, 0x6c, 0x65, 0x73, 0x00, 0x00, 0x06, 0x00, 0x06, 0x00,
    0x86, 0x02, 0x00, 0x00, 0x03, 0x00, 0x00, 0x00, 0x6e, 0x75, 0x6d, 0x5f, 0x68, 0x61, 0x6e, 0x64, 0x6c, 0x65, 0x73,
    0x00, 0x05, 0x00, 0x08, 0x00, 0x85, 0x02, 0x00, 0x00, 0x45, 0x6e, 0x74, 0x72, 0x79, 0x50, 0x6f, 0x69, 0x6e, 0x74,
    0x50, 0x61, 0x72, 0x61, 0x6d, 0x73, 0x5f, 0x73, 0x74, 0x64, 0x34, 0x33, 0x30, 0x00, 0x06, 0x00, 0x05, 0x00, 0x85,
    0x02, 0x00, 0x00, 0x00, 0x00, 0x00, 0x00, 0x70, 0x63, 0x5f, 0x73, 0x62, 0x74, 0x00, 0x00, 0x05, 0x00, 0x07, 0x00,
    0x89, 0x02, 0x00, 0x00, 0x65, 0x6e, 0x74, 0x72, 0x79, 0x50, 0x6f, 0x69, 0x6e, 0x74, 0x50, 0x61, 0x72, 0x61, 0x6d,
    0x73, 0x00, 0x00, 0x00, 0x00, 0x05, 0x00, 0x08, 0x00, 0x9c, 0x02, 0x00, 0x00, 0x5f, 0x41, 0x72, 0x72, 0x61, 0x79,
    0x5f, 0x6e, 0x61, 0x74, 0x75, 0x72, 0x61, 0x6c, 0x5f, 0x75, 0x69, 0x6e, 0x74, 0x38, 0x00, 0x00, 0x00, 0x00, 0x06,
    0x00, 0x05, 0x00, 0x9c, 0x02, 0x00, 0x00, 0x00, 0x00, 0x00, 0x00, 0x64, 0x61, 0x74, 0x61, 0x00, 0x00, 0x00, 0x00,
    0x05, 0x00, 0x0a, 0x00, 0x69, 0x02, 0x00, 0x00, 0x73, 0x68, 0x61, 0x64, 0x65, 0x72, 0x5f, 0x67, 0x72, 0x6f, 0x75,
    0x70, 0x5f, 0x68, 0x61, 0x6e, 0x64, 0x6c, 0x65, 0x5f, 0x74, 0x5f, 0x6e, 0x61, 0x74, 0x75, 0x72, 0x61, 0x6c, 0x00,
    0x00, 0x00, 0x06, 0x00, 0x05, 0x00, 0x69, 0x02, 0x00, 0x00, 0x00, 0x00, 0x00, 0x00, 0x64, 0x61, 0x74, 0x61, 0x00,
    0x00, 0x00, 0x00, 0x05, 0x00, 0x06, 0x00, 0x63, 0x02, 0x00, 0x00, 0x72, 0x65, 0x70, 0x6c, 0x61, 0x63, 0x65, 0x72,
    0x5f, 0x73, 0x62, 0x74, 0x00, 0x00, 0x00, 0x00, 0x05, 0x00, 0x0a, 0x00, 0x67, 0x02, 0x00, 0x00, 0x75, 0x74, 0x69,
    0x6c, 0x73, 0x2e, 0x68, 0x61, 0x73, 0x68, 0x6d, 0x61, 0x70, 0x5f, 0x74, 0x2e, 0x69, 0x74, 0x65, 0x6d, 0x5f, 0x74,
    0x5f, 0x6e, 0x61, 0x74, 0x75, 0x72, 0x61, 0x6c, 0x00, 0x00, 0x06, 0x00, 0x04, 0x00, 0x67, 0x02, 0x00, 0x00, 0x00,
    0x00, 0x00, 0x00, 0x6b, 0x65, 0x79, 0x00, 0x06, 0x00, 0x05, 0x00, 0x67, 0x02, 0x00, 0x00, 0x01, 0x00, 0x00, 0x00,
    0x76, 0x61, 0x6c, 0x75, 0x65, 0x00, 0x00, 0x00, 0x47, 0x00, 0x04, 0x00, 0x08, 0x00, 0x00, 0x00, 0x06, 0x00, 0x00,
    0x00, 0x18, 0x00, 0x00, 0x00, 0x47, 0x00, 0x04, 0x00, 0x0b, 0x00, 0x00, 0x00, 0x06, 0x00, 0x00, 0x00, 0x10, 0x00,
    0x00, 0x00, 0x47, 0x00, 0x04, 0x00, 0x0d, 0x00, 0x00, 0x00, 0x06, 0x00, 0x00, 0x00, 0x08, 0x00, 0x00, 0x00, 0x47,
    0x00, 0x04, 0x00, 0x0e, 0x00, 0x00, 0x00, 0x06, 0x00, 0x00, 0x00, 0x08, 0x00, 0x00, 0x00, 0x47, 0x00, 0x04, 0x00,
    0x16, 0x00, 0x00, 0x00, 0x06, 0x00, 0x00, 0x00, 0x10, 0x00, 0x00, 0x00, 0x47, 0x00, 0x04, 0x00, 0x4e, 0x00, 0x00,
    0x00, 0x0b, 0x00, 0x00, 0x00, 0x1c, 0x00, 0x00, 0x00, 0x48, 0x00, 0x05, 0x00, 0x52, 0x00, 0x00, 0x00, 0x00, 0x00,
    0x00, 0x00, 0x23, 0x00, 0x00, 0x00, 0x00, 0x00, 0x00, 0x00, 0x48, 0x00, 0x05, 0x00, 0x52, 0x00, 0x00, 0x00, 0x01,
    0x00, 0x00, 0x00, 0x23, 0x00, 0x00, 0x00, 0x08, 0x00, 0x00, 0x00, 0x48, 0x00, 0x05, 0x00, 0x52, 0x00, 0x00, 0x00,
    0x02, 0x00, 0x00, 0x00, 0x23, 0x00, 0x00, 0x00, 0x0c, 0x00, 0x00, 0x00, 0x48, 0x00, 0x05, 0x00, 0x51, 0x00, 0x00,
    0x00, 0x00, 0x00, 0x00, 0x00, 0x23, 0x00, 0x00, 0x00, 0x00, 0x00, 0x00, 0x00, 0x48, 0x00, 0x05, 0x00, 0x51, 0x00,
    0x00, 0x00, 0x01, 0x00, 0x00, 0x00, 0x23, 0x00, 0x00, 0x00, 0x10, 0x00, 0x00, 0x00, 0x48, 0x00, 0x05, 0x00, 0x51,
    0x00, 0x00, 0x00, 0x02, 0x00, 0x00, 0x00, 0x23, 0x00, 0x00, 0x00, 0x18, 0x00, 0x00, 0x00, 0x48, 0x00, 0x05, 0x00,
    0x51, 0x00, 0x00, 0x00, 0x03, 0x00, 0x00, 0x00, 0x23, 0x00, 0x00, 0x00, 0x20, 0x00, 0x00, 0x00, 0x48, 0x00, 0x05,
    0x00, 0x51, 0x00, 0x00, 0x00, 0x04, 0x00, 0x00, 0x00, 0x23, 0x00, 0x00, 0x00, 0x28, 0x00, 0x00, 0x00, 0x47, 0x00,
    0x03, 0x00, 0x50, 0x00, 0x00, 0x00, 0x02, 0x00, 0x00, 0x00, 0x48, 0x00, 0x05, 0x00, 0x50, 0x00, 0x00, 0x00, 0x00,
    0x00, 0x00, 0x00, 0x23, 0x00, 0x00, 0x00, 0x00, 0x00, 0x00, 0x00, 0x48, 0x00, 0x05, 0x00, 0x73, 0x00, 0x00, 0x00,
    0x00, 0x00, 0x00, 0x00, 0x23, 0x00, 0x00, 0x00, 0x00, 0x00, 0x00, 0x00, 0x48, 0x00, 0x05, 0x00, 0x73, 0x00, 0x00,
    0x00, 0x01, 0x00, 0x00, 0x00, 0x23, 0x00, 0x00, 0x00, 0x08, 0x00, 0x00, 0x00, 0x48, 0x00, 0x05, 0x00, 0x73, 0x00,
    0x00, 0x00, 0x02, 0x00, 0x00, 0x00, 0x23, 0x00, 0x00, 0x00, 0x0c, 0x00, 0x00, 0x00, 0x48, 0x00, 0x05, 0x00, 0x0a,
    0x00, 0x00, 0x00, 0x00, 0x00, 0x00, 0x00, 0x23, 0x00, 0x00, 0x00, 0x00, 0x00, 0x00, 0x00, 0x48, 0x00, 0x05, 0x00,
    0x07, 0x00, 0x00, 0x00, 0x00, 0x00, 0x00, 0x00, 0x23, 0x00, 0x00, 0x00, 0x00, 0x00, 0x00, 0x00, 0x48, 0x00, 0x05,
    0x00, 0x07, 0x00, 0x00, 0x00, 0x01, 0x00, 0x00, 0x00, 0x23, 0x00, 0x00, 0x00, 0x08, 0x00, 0x00, 0x00, 0x48, 0x00,
    0x05, 0x00, 0x07, 0x00, 0x00, 0x00, 0x02, 0x00, 0x00, 0x00, 0x23, 0x00, 0x00, 0x00, 0x10, 0x00, 0x00, 0x00, 0x47,
    0x00, 0x04, 0x00, 0x72, 0x01, 0x00, 0x00, 0x06, 0x00, 0x00, 0x00, 0x10, 0x00, 0x00, 0x00, 0x47, 0x00, 0x04, 0x00,
    0x74, 0x01, 0x00, 0x00, 0x06, 0x00, 0x00, 0x00, 0x04, 0x00, 0x00, 0x00, 0x47, 0x00, 0x04, 0x00, 0x86, 0x01, 0x00,
    0x00, 0x06, 0x00, 0x00, 0x00, 0x08, 0x00, 0x00, 0x00, 0x48, 0x00, 0x05, 0x00, 0xf8, 0x01, 0x00, 0x00, 0x00, 0x00,
    0x00, 0x00, 0x23, 0x00, 0x00, 0x00, 0x00, 0x00, 0x00, 0x00, 0x48, 0x00, 0x05, 0x00, 0xf8, 0x01, 0x00, 0x00, 0x01,
    0x00, 0x00, 0x00, 0x23, 0x00, 0x00, 0x00, 0x08, 0x00, 0x00, 0x00, 0x47, 0x00, 0x03, 0x00, 0xf7, 0x01, 0x00, 0x00,
    0x02, 0x00, 0x00, 0x00, 0x48, 0x00, 0x05, 0x00, 0xf7, 0x01, 0x00, 0x00, 0x00, 0x00, 0x00, 0x00, 0x23, 0x00, 0x00,
    0x00, 0x00, 0x00, 0x00, 0x00, 0x48, 0x00, 0x05, 0x00, 0x15, 0x00, 0x00, 0x00, 0x00, 0x00, 0x00, 0x00, 0x23, 0x00,
    0x00, 0x00, 0x00, 0x00, 0x00, 0x00, 0x48, 0x00, 0x05, 0x00, 0x15, 0x00, 0x00, 0x00, 0x01, 0x00, 0x00, 0x00, 0x23,
    0x00, 0x00, 0x00, 0x08, 0x00, 0x00, 0x00, 0x47, 0x00, 0x04, 0x00, 0x68, 0x02, 0x00, 0x00, 0x06, 0x00, 0x00, 0x00,
    0x40, 0x00, 0x00, 0x00, 0x47, 0x00, 0x04, 0x00, 0x6a, 0x02, 0x00, 0x00, 0x06, 0x00, 0x00, 0x00, 0x20, 0x00, 0x00,
    0x00, 0x47, 0x00, 0x04, 0x00, 0x6b, 0x02, 0x00, 0x00, 0x06, 0x00, 0x00, 0x00, 0x08, 0x00, 0x00, 0x00, 0x48, 0x00,
    0x05, 0x00, 0x87, 0x02, 0x00, 0x00, 0x00, 0x00, 0x00, 0x00, 0x23, 0x00, 0x00, 0x00, 0x00, 0x00, 0x00, 0x00, 0x48,
    0x00, 0x05, 0x00, 0x87, 0x02, 0x00, 0x00, 0x01, 0x00, 0x00, 0x00, 0x23, 0x00, 0x00, 0x00, 0x08, 0x00, 0x00, 0x00,
    0x48, 0x00, 0x05, 0x00, 0x87, 0x02, 0x00, 0x00, 0x02, 0x00, 0x00, 0x00, 0x23, 0x00, 0x00, 0x00, 0x0c, 0x00, 0x00,
    0x00, 0x48, 0x00, 0x05, 0x00, 0x86, 0x02, 0x00, 0x00, 0x00, 0x00, 0x00, 0x00, 0x23, 0x00, 0x00, 0x00, 0x00, 0x00,
    0x00, 0x00, 0x48, 0x00, 0x05, 0x00, 0x86, 0x02, 0x00, 0x00, 0x01, 0x00, 0x00, 0x00, 0x23, 0x00, 0x00, 0x00, 0x10,
    0x00, 0x00, 0x00, 0x48, 0x00, 0x05, 0x00, 0x86, 0x02, 0x00, 0x00, 0x02, 0x00, 0x00, 0x00, 0x23, 0x00, 0x00, 0x00,
    0x18, 0x00, 0x00, 0x00, 0x48, 0x00, 0x05, 0x00, 0x86, 0x02, 0x00, 0x00, 0x03, 0x00, 0x00, 0x00, 0x23, 0x00, 0x00,
    0x00, 0x20, 0x00, 0x00, 0x00, 0x47, 0x00, 0x03, 0x00, 0x85, 0x02, 0x00, 0x00, 0x02, 0x00, 0x00, 0x00, 0x48, 0x00,
    0x05, 0x00, 0x85, 0x02, 0x00, 0x00, 0x00, 0x00, 0x00, 0x00, 0x23, 0x00, 0x00, 0x00, 0x00, 0x00, 0x00, 0x00, 0x47,
    0x00, 0x04, 0x00, 0x9d, 0x02, 0x00, 0x00, 0x06, 0x00, 0x00, 0x00, 0x04, 0x00, 0x00, 0x00, 0x48, 0x00, 0x05, 0x00,
    0x9c, 0x02, 0x00, 0x00, 0x00, 0x00, 0x00, 0x00, 0x23, 0x00, 0x00, 0x00, 0x00, 0x00, 0x00, 0x00, 0x48, 0x00, 0x05,
    0x00, 0x69, 0x02, 0x00, 0x00, 0x00, 0x00, 0x00, 0x00, 0x23, 0x00, 0x00, 0x00, 0x00, 0x00, 0x00, 0x00, 0x47, 0x00,
    0x04, 0x00, 0x04, 0x04, 0x00, 0x00, 0x06, 0x00, 0x00, 0x00, 0x20, 0x00, 0x00, 0x00, 0x47, 0x00, 0x04, 0x00, 0x06,
    0x04, 0x00, 0x00, 0x06, 0x00, 0x00, 0x00, 0x20, 0x00, 0x00, 0x00, 0x48, 0x00, 0x05, 0x00, 0x67, 0x02, 0x00, 0x00,
    0x00, 0x00, 0x00, 0x00, 0x23, 0x00, 0x00, 0x00, 0x00, 0x00, 0x00, 0x00, 0x48, 0x00, 0x05, 0x00, 0x67, 0x02, 0x00,
    0x00, 0x01, 0x00, 0x00, 0x00, 0x23, 0x00, 0x00, 0x00, 0x20, 0x00, 0x00, 0x00, 0x13, 0x00, 0x02, 0x00, 0x01, 0x00,
    0x00, 0x00, 0x21, 0x00, 0x03, 0x00, 0x03, 0x00, 0x00, 0x00, 0x01, 0x00, 0x00, 0x00, 0x27, 0x00, 0x03, 0x00, 0x08,
    0x00, 0x00, 0x00, 0xe5, 0x14, 0x00, 0x00, 0x15, 0x00, 0x04, 0x00, 0x09, 0x00, 0x00, 0x00, 0x20, 0x00, 0x00, 0x00,
    0x00, 0x00, 0x00, 0x00, 0x1e, 0x00, 0x05, 0x00, 0x06, 0x00, 0x00, 0x00, 0x08, 0x00, 0x00, 0x00, 0x09, 0x00, 0x00,
    0x00, 0x09, 0x00, 0x00, 0x00, 0x27, 0x00, 0x03, 0x00, 0x0b, 0x00, 0x00, 0x00, 0xe5, 0x14, 0x00, 0x00, 0x15, 0x00,
    0x04, 0x00, 0x0c, 0x00, 0x00, 0x00, 0x40, 0x00, 0x00, 0x00, 0x00, 0x00, 0x00, 0x00, 0x20, 0x00, 0x04, 0x00, 0x0d,
    0x00, 0x00, 0x00, 0xe5, 0x14, 0x00, 0x00, 0x0c, 0x00, 0x00, 0x00, 0x20, 0x00, 0x04, 0x00, 0x0e, 0x00, 0x00, 0x00,
    0xe5, 0x14, 0x00, 0x00, 0x0d, 0x00, 0x00, 0x00, 0x1e, 0x00, 0x07, 0x00, 0x05, 0x00, 0x00, 0x00, 0x06, 0x00, 0x00,
    0x00, 0x0b, 0x00, 0x00, 0x00, 0x0e, 0x00, 0x00, 0x00, 0x0e, 0x00, 0x00, 0x00, 0x09, 0x00, 0x00, 0x00, 0x27, 0x00,
    0x03, 0x00, 0x16, 0x00, 0x00, 0x00, 0xe5, 0x14, 0x00, 0x00, 0x1e, 0x00, 0x05, 0x00, 0x14, 0x00, 0x00, 0x00, 0x16,
    0x00, 0x00, 0x00, 0x09, 0x00, 0x00, 0x00, 0x09, 0x00, 0x00, 0x00, 0x1e, 0x00, 0x03, 0x00, 0x13, 0x00, 0x00, 0x00,
    0x14, 0x00, 0x00, 0x00, 0x14, 0x00, 0x02, 0x00, 0x1d, 0x00, 0x00, 0x00, 0x20, 0x00, 0x04, 0x00, 0x1e, 0x00, 0x00,
    0x00, 0x07, 0x00, 0x00, 0x00, 0x1d, 0x00, 0x00, 0x00, 0x20, 0x00, 0x04, 0x00, 0x20, 0x00, 0x00, 0x00, 0x07, 0x00,
    0x00, 0x00, 0x09, 0x00, 0x00, 0x00, 0x20, 0x00, 0x04, 0x00, 0x24, 0x00, 0x00, 0x00, 0x07, 0x00, 0x00, 0x00, 0x0c,
    0x00, 0x00, 0x00, 0x17, 0x00, 0x04, 0x00, 0x4b, 0x00, 0x00, 0x00, 0x09, 0x00, 0x00, 0x00, 0x03, 0x00, 0x00, 0x00,
    0x20, 0x00, 0x04, 0x00, 0x4d, 0x00, 0x00, 0x00, 0x01, 0x00, 0x00, 0x00, 0x4b, 0x00, 0x00, 0x00, 0x1e, 0x00, 0x05,
    0x00, 0x52, 0x00, 0x00, 0x00, 0x08, 0x00, 0x00, 0x00, 0x09, 0x00, 0x00, 0x00, 0x09, 0x00, 0x00, 0x00, 0x1e, 0x00,
    0x07, 0x00, 0x51, 0x00, 0x00, 0x00, 0x52, 0x00, 0x00, 0x00, 0x0b, 0x00, 0x00, 0x00, 0x0e, 0x00, 0x00, 0x00, 0x0e,
    0x00, 0x00, 0x00, 0x09, 0x00, 0x00, 0x00, 0x1e, 0x00, 0x03, 0x00, 0x50, 0x00, 0x00, 0x00, 0x51, 0x00, 0x00, 0x00,
    0x20, 0x00, 0x04, 0x00, 0x53, 0x00, 0x00, 0x00, 0x09, 0x00, 0x00, 0x00, 0x50, 0x00, 0x00, 0x00, 0x15, 0x00, 0x04,
    0x00, 0x55, 0x00, 0x00, 0x00, 0x20, 0x00, 0x00, 0x00, 0x01, 0x00, 0x00, 0x00, 0x2b, 0x00, 0x04, 0x00, 0x55, 0x00,
    0x00, 0x00, 0x56, 0x00, 0x00, 0x00, 0x00, 0x00, 0x00, 0x00, 0x20, 0x00, 0x04, 0x00, 0x57, 0x00, 0x00, 0x00, 0x09,
    0x00, 0x00, 0x00, 0x51, 0x00, 0x00, 0x00, 0x2b, 0x00, 0x04, 0x00, 0x55, 0x00, 0x00, 0x00, 0x5c, 0x00, 0x00, 0x00,
    0x04, 0x00, 0x00, 0x00, 0x2b, 0x00, 0x04, 0x00, 0x55, 0x00, 0x00, 0x00, 0x65, 0x00, 0x00, 0x00, 0x02, 0x00, 0x00,
    0x00, 0x2b, 0x00, 0x04, 0x00, 0x55, 0x00, 0x00, 0x00, 0x6f, 0x00, 0x00, 0x00, 0x01, 0x00, 0x00, 0x00, 0x1e, 0x00,
    0x05, 0x00, 0x73, 0x00, 0x00, 0x00, 0x16, 0x00, 0x00, 0x00, 0x09, 0x00, 0x00, 0x00, 0x09, 0x00, 0x00, 0x00, 0x1e,
    0x00, 0x03, 0x00, 0x0a, 0x00, 0x00, 0x00, 0x73, 0x00, 0x00, 0x00, 0x2b, 0x00, 0x05, 0x00, 0x0c, 0x00, 0x00, 0x00,
    0xa2, 0x00, 0x00, 0x00, 0x00, 0x00, 0x00, 0x00, 0x00, 0x00, 0x00, 0x00, 0x29, 0x00, 0x03, 0x00, 0x1d, 0x00, 0x00,
    0x00, 0xa6, 0x00, 0x00, 0x00, 0x2b, 0x00, 0x04, 0x00, 0x09, 0x00, 0x00, 0x00, 0xac, 0x00, 0x00, 0x00, 0x00, 0x00,
    0x00, 0x00, 0x2b, 0x00, 0x04, 0x00, 0x55, 0x00, 0x00, 0x00, 0xb8, 0x00, 0x00, 0x00, 0x20, 0x00, 0x00, 0x00, 0x2b,
    0x00, 0x05, 0x00, 0x0c, 0x00, 0x00, 0x00, 0xbb, 0x00, 0x00, 0x00, 0xff, 0xff, 0xff, 0xff, 0x00, 0x00, 0x00, 0x00,
    0x2b, 0x00, 0x04, 0x00, 0x09, 0x00, 0x00, 0x00, 0xc4, 0x00, 0x00, 0x00, 0xb1, 0x67, 0x56, 0x16, 0x2b, 0x00, 0x04,
    0x00, 0x09, 0x00, 0x00, 0x00, 0xc6, 0x00, 0x00, 0x00, 0x3d, 0xae, 0xb2, 0xc2, 0x2b, 0x00, 0x04, 0x00, 0x55, 0x00,
    0x00, 0x00, 0xc9, 0x00, 0x00, 0x00, 0x11, 0x00, 0x00, 0x00, 0x2b, 0x00, 0x04, 0x00, 0x55, 0x00, 0x00, 0x00, 0xcb,
    0x00, 0x00, 0x00, 0x0f, 0x00, 0x00, 0x00, 0x2b, 0x00, 0x04, 0x00, 0x09, 0x00, 0x00, 0x00, 0xce, 0x00, 0x00, 0x00,
    0x2f, 0xeb, 0xd4, 0x27, 0x2b, 0x00, 0x04, 0x00, 0x09, 0x00, 0x00, 0x00, 0xd2, 0x00, 0x00, 0x00, 0x77, 0xca, 0xeb,
    0x85, 0x2b, 0x00, 0x04, 0x00, 0x55, 0x00, 0x00, 0x00, 0xd4, 0x00, 0x00, 0x00, 0x0d, 0x00, 0x00, 0x00, 0x2b, 0x00,
    0x04, 0x00, 0x55, 0x00, 0x00, 0x00, 0xd8, 0x00, 0x00, 0x00, 0x10, 0x00, 0x00, 0x00, 0x2b, 0x00, 0x04, 0x00, 0x09,
    0x00, 0x00, 0x00, 0xe2, 0x00, 0x00, 0x00, 0x01, 0x00, 0x00, 0x00, 0x20, 0x00, 0x04, 0x00, 0xe5, 0x00, 0x00, 0x00,
    0x07, 0x00, 0x00, 0x00, 0x16, 0x00, 0x00, 0x00, 0x2a, 0x00, 0x03, 0x00, 0x1d, 0x00, 0x00, 0x00, 0xf7, 0x00, 0x00,
    0x00, 0x20, 0x00, 0x04, 0x00, 0x14, 0x01, 0x00, 0x00, 0x07, 0x00, 0x00, 0x00, 0x55, 0x00, 0x00, 0x00, 0x1e, 0x00,
    0x05, 0x00, 0x17, 0x01, 0x00, 0x00, 0x0c, 0x00, 0x00, 0x00, 0x0c, 0x00, 0x00, 0x00, 0x0c, 0x00, 0x00, 0x00, 0x20,
    0x00, 0x04, 0x00, 0x3f, 0x01, 0x00, 0x00, 0x07, 0x00, 0x00, 0x00, 0x08, 0x00, 0x00, 0x00, 0x1e, 0x00, 0x05, 0x00,
    0x07, 0x00, 0x00, 0x00, 0x0c, 0x00, 0x00, 0x00, 0x0c, 0x00, 0x00, 0x00, 0x0c, 0x00, 0x00, 0x00, 0x2b, 0x00, 0x05,
    0x00, 0x0c, 0x00, 0x00, 0x00, 0x4c, 0x01, 0x00, 0x00, 0x01, 0x00, 0x00, 0x00, 0x00, 0x00, 0x00, 0x00, 0x20, 0x00,
    0x04, 0x00, 0x72, 0x01, 0x00, 0x00, 0xe5, 0x14, 0x00, 0x00, 0x73, 0x00, 0x00, 0x00, 0x20, 0x00, 0x04, 0x00, 0x74,
    0x01, 0x00, 0x00, 0xe5, 0x14, 0x00, 0x00, 0x09, 0x00, 0x00, 0x00, 0x20, 0x00, 0x04, 0x00, 0x86, 0x01, 0x00, 0x00,
    0xe5, 0x14, 0x00, 0x00, 0x16, 0x00, 0x00, 0x00, 0x2b, 0x00, 0x04, 0x00, 0x55, 0x00, 0x00, 0x00, 0xb9, 0x01, 0x00,
    0x00, 0x03, 0x00, 0x00, 0x00, 0x1e, 0x00, 0x04, 0x00, 0xca, 0x01, 0x00, 0x00, 0x72, 0x01, 0x00, 0x00, 0x0b, 0x00,
    0x00, 0x00, 0x1e, 0x00, 0x04, 0x00, 0xce, 0x01, 0x00, 0x00, 0x0c, 0x00, 0x00, 0x00, 0x0c, 0x00, 0x00, 0x00, 0x1e,
    0x00, 0x04, 0x00, 0xf8, 0x01, 0x00, 0x00, 0x72, 0x01, 0x00, 0x00, 0x0b, 0x00, 0x00, 0x00, 0x1e, 0x00, 0x03, 0x00,
    0xf7, 0x01, 0x00, 0x00, 0xf8, 0x01, 0x00, 0x00, 0x20, 0x00, 0x04, 0x00, 0xf9, 0x01, 0x00, 0x00, 0x09, 0x00, 0x00,
    0x00, 0xf7, 0x01, 0x00, 0x00, 0x20, 0x00, 0x04, 0x00, 0xfb, 0x01, 0x00, 0x00, 0x09, 0x00, 0x00, 0x00, 0xf8, 0x01,
    0x00, 0x00, 0x1e, 0x00, 0x04, 0x00, 0x15, 0x00, 0x00, 0x00, 0x0c, 0x00, 0x00, 0x00, 0x0c, 0x00, 0x00, 0x00, 0x27,
    0x00, 0x03, 0x00, 0x68, 0x02, 0x00, 0x00, 0xe5, 0x14, 0x00, 0x00, 0x1e, 0x00, 0x05, 0x00, 0x66, 0x02, 0x00, 0x00,
    0x68, 0x02, 0x00, 0x00, 0x09, 0x00, 0x00, 0x00, 0x09, 0x00, 0x00, 0x00, 0x27, 0x00, 0x03, 0x00, 0x6a, 0x02, 0x00,
    0x00, 0xe5, 0x14, 0x00, 0x00, 0x20, 0x00, 0x04, 0x00, 0x6b, 0x02, 0x00, 0x00, 0xe5, 0x14, 0x00, 0x00, 0x6a, 0x02,
    0x00, 0x00, 0x1e, 0x00, 0x06, 0x00, 0x65, 0x02, 0x00, 0x00, 0x66, 0x02, 0x00, 0x00, 0x6b, 0x02, 0x00, 0x00, 0x6b,
    0x02, 0x00, 0x00, 0x09, 0x00, 0x00, 0x00, 0x2b, 0x00, 0x04, 0x00, 0x55, 0x00, 0x00, 0x00, 0x72, 0x02, 0x00, 0x00,
    0x08, 0x00, 0x00, 0x00, 0x1c, 0x00, 0x04, 0x00, 0x71, 0x02, 0x00, 0x00, 0x09, 0x00, 0x00, 0x00, 0x72, 0x02, 0x00,
    0x00, 0x1e, 0x00, 0x03, 0x00, 0x70, 0x02, 0x00, 0x00, 0x71, 0x02, 0x00, 0x00, 0x1e, 0x00, 0x03, 0x00, 0x6f, 0x02,
    0x00, 0x00, 0x70, 0x02, 0x00, 0x00, 0x1e, 0x00, 0x05, 0x00, 0x87, 0x02, 0x00, 0x00, 0x68, 0x02, 0x00, 0x00, 0x09,
    0x00, 0x00, 0x00, 0x09, 0x00, 0x00, 0x00, 0x1e, 0x00, 0x06, 0x00, 0x86, 0x02, 0x00, 0x00, 0x87, 0x02, 0x00, 0x00,
    0x6b, 0x02, 0x00, 0x00, 0x6b, 0x02, 0x00, 0x00, 0x09, 0x00, 0x00, 0x00, 0x1e, 0x00, 0x03, 0x00, 0x85, 0x02, 0x00,
    0x00, 0x86, 0x02, 0x00, 0x00, 0x20, 0x00, 0x04, 0x00, 0x88, 0x02, 0x00, 0x00, 0x09, 0x00, 0x00, 0x00, 0x85, 0x02,
    0x00, 0x00, 0x20, 0x00, 0x04, 0x00, 0x8a, 0x02, 0x00, 0x00, 0x09, 0x00, 0x00, 0x00, 0x86, 0x02, 0x00, 0x00, 0x1c,
    0x00, 0x04, 0x00, 0x9d, 0x02, 0x00, 0x00, 0x09, 0x00, 0x00, 0x00, 0x72, 0x02, 0x00, 0x00, 0x1e, 0x00, 0x03, 0x00,
    0x9c, 0x02, 0x00, 0x00, 0x9d, 0x02, 0x00, 0x00, 0x1e, 0x00, 0x03, 0x00, 0x69, 0x02, 0x00, 0x00, 0x9c, 0x02, 0x00,
    0x00, 0x20, 0x00, 0x04, 0x00, 0xa3, 0x02, 0x00, 0x00, 0x07, 0x00, 0x00, 0x00, 0x71, 0x02, 0x00, 0x00, 0x2b, 0x00,
    0x04, 0x00, 0x55, 0x00, 0x00, 0x00, 0xb0, 0x02, 0x00, 0x00, 0x05, 0x00, 0x00, 0x00, 0x2b, 0x00, 0x04, 0x00, 0x55,
    0x00, 0x00, 0x00, 0xb3, 0x02, 0x00, 0x00, 0x06, 0x00, 0x00, 0x00, 0x2b, 0x00, 0x04, 0x00, 0x55, 0x00, 0x00, 0x00,
    0xb6, 0x02, 0x00, 0x00, 0x07, 0x00, 0x00, 0x00, 0x2b, 0x00, 0x04, 0x00, 0x09, 0x00, 0x00, 0x00, 0x12, 0x03, 0x00,
    0x00, 0x08, 0x00, 0x00, 0x00, 0x20, 0x00, 0x04, 0x00, 0x63, 0x03, 0x00, 0x00, 0x07, 0x00, 0x00, 0x00, 0x68, 0x02,
    0x00, 0x00, 0x20, 0x00, 0x04, 0x00, 0x04, 0x04, 0x00, 0x00, 0xe5, 0x14, 0x00, 0x00, 0x9c, 0x02, 0x00, 0x00, 0x20,
    0x00, 0x04, 0x00, 0x06, 0x04, 0x00, 0x00, 0xe5, 0x14, 0x00, 0x00, 0x9d, 0x02, 0x00, 0x00, 0x20, 0x00, 0x04, 0x00,
    0x08, 0x00, 0x00, 0x00, 0xe5, 0x14, 0x00, 0x00, 0x07, 0x00, 0x00, 0x00, 0x20, 0x00, 0x04, 0x00, 0x0b, 0x00, 0x00,
    0x00, 0xe5, 0x14, 0x00, 0x00, 0x0a, 0x00, 0x00, 0x00, 0x20, 0x00, 0x04, 0x00, 0x16, 0x00, 0x00, 0x00, 0xe5, 0x14,
    0x00, 0x00, 0x15, 0x00, 0x00, 0x00, 0x1e, 0x00, 0x04, 0x00, 0x67, 0x02, 0x00, 0x00, 0x69, 0x02, 0x00, 0x00, 0x69,
    0x02, 0x00, 0x00, 0x20, 0x00, 0x04, 0x00, 0x68, 0x02, 0x00, 0x00, 0xe5, 0x14, 0x00, 0x00, 0x67, 0x02, 0x00, 0x00,
    0x20, 0x00, 0x04, 0x00, 0x6a, 0x02, 0x00, 0x00, 0xe5, 0x14, 0x00, 0x00, 0x69, 0x02, 0x00, 0x00, 0x3b, 0x00, 0x04,
    0x00, 0x4d, 0x00, 0x00, 0x00, 0x4e, 0x00, 0x00, 0x00, 0x01, 0x00, 0x00, 0x00, 0x3b, 0x00, 0x04, 0x00, 0x53, 0x00,
    0x00, 0x00, 0x54, 0x00, 0x00, 0x00, 0x09, 0x00, 0x00, 0x00, 0x3b, 0x00, 0x04, 0x00, 0xf9, 0x01, 0x00, 0x00, 0xfa,
    0x01, 0x00, 0x00, 0x09, 0x00, 0x00, 0x00, 0x3b, 0x00, 0x04, 0x00, 0x88, 0x02, 0x00, 0x00, 0x89, 0x02, 0x00, 0x00,
    0x09, 0x00, 0x00, 0x00, 0x36, 0x00, 0x05, 0x00, 0x01, 0x00, 0x00, 0x00, 0x02, 0x00, 0x00, 0x00, 0x00, 0x00, 0x00,
    0x00, 0x03, 0x00, 0x00, 0x00, 0xf8, 0x00, 0x02, 0x00, 0x04, 0x00, 0x00, 0x00, 0x3b, 0x00, 0x04, 0x00, 0x20, 0x00,
    0x00, 0x00, 0xcc, 0x06, 0x00, 0x00, 0x07, 0x00, 0x00, 0x00, 0x3b, 0x00, 0x04, 0x00, 0x3f, 0x01, 0x00, 0x00, 0xcb,
    0x06, 0x00, 0x00, 0x07, 0x00, 0x00, 0x00, 0x3b, 0x00, 0x04, 0x00, 0x20, 0x00, 0x00, 0x00, 0xbb, 0x06, 0x00, 0x00,
    0x07, 0x00, 0x00, 0x00, 0x3b, 0x00, 0x04, 0x00, 0xe5, 0x00, 0x00, 0x00, 0xb9, 0x06, 0x00, 0x00, 0x07, 0x00, 0x00,
    0x00, 0x3b, 0x00, 0x04, 0x00, 0x24, 0x00, 0x00, 0x00, 0xb4, 0x06, 0x00, 0x00, 0x07, 0x00, 0x00, 0x00, 0x3b, 0x00,
    0x05, 0x00, 0x1e, 0x00, 0x00, 0x00, 0xc0, 0x04, 0x00, 0x00, 0x07, 0x00, 0x00, 0x00, 0xf7, 0x00, 0x00, 0x00, 0x3b,
    0x00, 0x04, 0x00, 0x24, 0x00, 0x00, 0x00, 0xc1, 0x04, 0x00, 0x00, 0x07, 0x00, 0x00, 0x00, 0x3b, 0x00, 0x04, 0x00,
    0x14, 0x01, 0x00, 0x00, 0xc2, 0x04, 0x00, 0x00, 0x07, 0x00, 0x00, 0x00, 0x3b, 0x00, 0x04, 0x00, 0x14, 0x01, 0x00,
    0x00, 0xc3, 0x04, 0x00, 0x00, 0x07, 0x00, 0x00, 0x00, 0x3b, 0x00, 0x04, 0x00, 0x1e, 0x00, 0x00, 0x00, 0xc5, 0x04,
    0x00, 0x00, 0x07, 0x00, 0x00, 0x00, 0x3b, 0x00, 0x05, 0x00, 0x1e, 0x00, 0x00, 0x00, 0x5a, 0x04, 0x00, 0x00, 0x07,
    0x00, 0x00, 0x00, 0xf7, 0x00, 0x00, 0x00, 0x3b, 0x00, 0x04, 0x00, 0x24, 0x00, 0x00, 0x00, 0x5b, 0x04, 0x00, 0x00,
    0x07, 0x00, 0x00, 0x00, 0x3b, 0x00, 0x04, 0x00, 0x1e, 0x00, 0x00, 0x00, 0x5c, 0x04, 0x00, 0x00, 0x07, 0x00, 0x00,
    0x00, 0x3b, 0x00, 0x04, 0x00, 0x20, 0x00, 0x00, 0x00, 0x5d, 0x04, 0x00, 0x00, 0x07, 0x00, 0x00, 0x00, 0x3b, 0x00,
    0x04, 0x00, 0x1e, 0x00, 0x00, 0x00, 0x1f, 0x00, 0x00, 0x00, 0x07, 0x00, 0x00, 0x00, 0x3b, 0x00, 0x04, 0x00, 0x20,
    0x00, 0x00, 0x00, 0x21, 0x00, 0x00, 0x00, 0x07, 0x00, 0x00, 0x00, 0x3b, 0x00, 0x04, 0x00, 0x1e, 0x00, 0x00, 0x00,
    0x22, 0x00, 0x00, 0x00, 0x07, 0x00, 0x00, 0x00, 0x3b, 0x00, 0x04, 0x00, 0x24, 0x00, 0x00, 0x00, 0x25, 0x00, 0x00,
    0x00, 0x07, 0x00, 0x00, 0x00, 0xf7, 0x00, 0x03, 0x00, 0x21, 0x04, 0x00, 0x00, 0x00, 0x00, 0x00, 0x00, 0xfb, 0x00,
    0x03, 0x00, 0xac, 0x00, 0x00, 0x00, 0x22, 0x04, 0x00, 0x00, 0xf8, 0x00, 0x02, 0x00, 0x22, 0x04, 0x00, 0x00, 0x3d,
    0x00, 0x04, 0x00, 0x4b, 0x00, 0x00, 0x00, 0x4c, 0x00, 0x00, 0x00, 0x4e, 0x00, 0x00, 0x00, 0x51, 0x00, 0x05, 0x00,
    0x09, 0x00, 0x00, 0x00, 0x4f, 0x00, 0x00, 0x00, 0x4c, 0x00, 0x00, 0x00, 0x00, 0x00, 0x00, 0x00, 0x41, 0x00, 0x05,
    0x00, 0x57, 0x00, 0x00, 0x00, 0x58, 0x00, 0x00, 0x00, 0x54, 0x00, 0x00, 0x00, 0x56, 0x00, 0x00, 0x00, 0x3d, 0x00,
    0x04, 0x00, 0x51, 0x00, 0x00, 0x00, 0x59, 0x00, 0x00, 0x00, 0x58, 0x00, 0x00, 0x00, 0x90, 0x01, 0x04, 0x00, 0x05,
    0x00, 0x00, 0x00, 0x5a, 0x00, 0x00, 0x00, 0x59, 0x00, 0x00, 0x00, 0x51, 0x00, 0x05, 0x00, 0x09, 0x00, 0x00, 0x00,
    0xc2, 0x06, 0x00, 0x00, 0x5a, 0x00, 0x00, 0x00, 0x04, 0x00, 0x00, 0x00, 0xae, 0x00, 0x05, 0x00, 0x1d, 0x00, 0x00,
    0x00, 0x5f, 0x00, 0x00, 0x00, 0x4f, 0x00, 0x00, 0x00, 0xc2, 0x06, 0x00, 0x00, 0xf7, 0x00, 0x03, 0x00, 0x27, 0x00,
    0x00, 0x00, 0x00, 0x00, 0x00, 0x00, 0xfa, 0x00, 0x04, 0x00, 0x5f, 0x00, 0x00, 0x00, 0x26, 0x00, 0x00, 0x00, 0x27,
    0x00, 0x00, 0x00, 0xf8, 0x00, 0x02, 0x00, 0x26, 0x00, 0x00, 0x00, 0xf9, 0x00, 0x02, 0x00, 0x21, 0x04, 0x00, 0x00,
    0xf8, 0x00, 0x02, 0x00, 0x27, 0x00, 0x00, 0x00, 0x3d, 0x00, 0x04, 0x00, 0x51, 0x00, 0x00, 0x00, 0x62, 0x00, 0x00,
    0x00, 0x58, 0x00, 0x00, 0x00, 0x90, 0x01, 0x04, 0x00, 0x05, 0x00, 0x00, 0x00, 0x63, 0x00, 0x00, 0x00, 0x62, 0x00,
    0x00, 0x00, 0x51, 0x00, 0x05, 0x00, 0x0e, 0x00, 0x00, 0x00, 0xc4, 0x06, 0x00, 0x00, 0x63, 0x00, 0x00, 0x00, 0x02,
    0x00, 0x00, 0x00, 0x43, 0x00, 0x05, 0x00, 0x0e, 0x00, 0x00, 0x00, 0x69, 0x00, 0x00, 0x00, 0xc4, 0x06, 0x00, 0x00,
    0x4f, 0x00, 0x00, 0x00, 0x3d, 0x00, 0x06, 0x00, 0x0d, 0x00, 0x00, 0x00, 0x6a, 0x00, 0x00, 0x00, 0x69, 0x00, 0x00,
    0x00, 0x02, 0x00, 0x00, 0x00, 0x08, 0x00, 0x00, 0x00, 0x3d, 0x00, 0x06, 0x00, 0x0c, 0x00, 0x00, 0x00, 0x6b, 0x00,
    0x00, 0x00, 0x6a, 0x00, 0x00, 0x00, 0x02, 0x00, 0x00, 0x00, 0x08, 0x00, 0x00, 0x00, 0x3d, 0x00, 0x04, 0x00, 0x51,
    0x00, 0x00, 0x00, 0x6c, 0x00, 0x00, 0x00, 0x58, 0x00, 0x00, 0x00, 0x90, 0x01, 0x04, 0x00, 0x05, 0x00, 0x00, 0x00,
    0x6d, 0x00, 0x00, 0x00, 0x6c, 0x00, 0x00, 0x00, 0x51, 0x00, 0x05, 0x00, 0x0b, 0x00, 0x00, 0x00, 0xc6, 0x06, 0x00,
    0x00, 0x6d, 0x00, 0x00, 0x00, 0x01, 0x00, 0x00, 0x00, 0x3d, 0x00, 0x06, 0x00, 0x0a, 0x00, 0x00, 0x00, 0x74, 0x00,
    0x00, 0x00, 0xc6, 0x06, 0x00, 0x00, 0x02, 0x00, 0x00, 0x00, 0x08, 0x00, 0x00, 0x00, 0x90, 0x01, 0x04, 0x00, 0x13,
    0x00, 0x00, 0x00, 0x75, 0x00, 0x00, 0x00, 0x74, 0x00, 0x00, 0x00, 0x51, 0x00, 0x05, 0x00, 0x14, 0x00, 0x00, 0x00,
    0xc8, 0x06, 0x00, 0x00, 0x75, 0x00, 0x00, 0x00, 0x00, 0x00, 0x00, 0x00, 0x51, 0x00, 0x05, 0x00, 0x16, 0x00, 0x00,
    0x00, 0xd8, 0x06, 0x00, 0x00, 0xc8, 0x06, 0x00, 0x00, 0x00, 0x00, 0x00, 0x00, 0x51, 0x00, 0x05, 0x00, 0x09, 0x00,
    0x00, 0x00, 0xd9, 0x06, 0x00, 0x00, 0xc8, 0x06, 0x00, 0x00, 0x02, 0x00, 0x00, 0x00, 0x75, 0x00, 0x04, 0x00, 0x0c,
    0x00, 0x00, 0x00, 0x77, 0x00, 0x00, 0x00, 0x6a, 0x00, 0x00, 0x00, 0x3e, 0x00, 0x03, 0x00, 0xb9, 0x06, 0x00, 0x00,
    0xd8, 0x06, 0x00, 0x00, 0x3e, 0x00, 0x03, 0x00, 0xbb, 0x06, 0x00, 0x00, 0xd9, 0x06, 0x00, 0x00, 0x3e, 0x00, 0x03,
    0x00, 0x5a, 0x04, 0x00, 0x00, 0xf7, 0x00, 0x00, 0x00, 0xf7, 0x00, 0x03, 0x00, 0x92, 0x04, 0x00, 0x00, 0x00, 0x00,
    0x00, 0x00, 0xfb, 0x00, 0x03, 0x00, 0xac, 0x00, 0x00, 0x00, 0x60, 0x04, 0x00, 0x00, 0xf8, 0x00, 0x02, 0x00, 0x60,
    0x04, 0x00, 0x00, 0xaa, 0x00, 0x05, 0x00, 0x1d, 0x00, 0x00, 0x00, 0x62, 0x04, 0x00, 0x00, 0x77, 0x00, 0x00, 0x00,
    0xa2, 0x00, 0x00, 0x00, 0xf7, 0x00, 0x03, 0x00, 0x68, 0x04, 0x00, 0x00, 0x00, 0x00, 0x00, 0x00, 0xfa, 0x00, 0x04,
    0x00, 0x62, 0x04, 0x00, 0x00, 0x67, 0x04, 0x00, 0x00, 0x63, 0x04, 0x00, 0x00, 0xf8, 0x00, 0x02, 0x00, 0x63, 0x04,
    0x00, 0x00, 0x3d, 0x00, 0x04, 0x00, 0x09, 0x00, 0x00, 0x00, 0x65, 0x04, 0x00, 0x00, 0xbb, 0x06, 0x00, 0x00, 0xaa,
    0x00, 0x05, 0x00, 0x1d, 0x00, 0x00, 0x00, 0x66, 0x04, 0x00, 0x00, 0x65, 0x04, 0x00, 0x00, 0xac, 0x00, 0x00, 0x00,
    0x3e, 0x00, 0x03, 0x00, 0x5c, 0x04, 0x00, 0x00, 0x66, 0x04, 0x00, 0x00, 0xf9, 0x00, 0x02, 0x00, 0x68, 0x04, 0x00,
    0x00, 0xf8, 0x00, 0x02, 0x00, 0x67, 0x04, 0x00, 0x00, 0x3e, 0x00, 0x03, 0x00, 0x5c, 0x04, 0x00, 0x00, 0xa6, 0x00,
    0x00, 0x00, 0xf9, 0x00, 0x02, 0x00, 0x68, 0x04, 0x00, 0x00, 0xf8, 0x00, 0x02, 0x00, 0x68, 0x04, 0x00, 0x00, 0x3d,
    0x00, 0x04, 0x00, 0x1d, 0x00, 0x00, 0x00, 0x69, 0x04, 0x00, 0x00, 0x5c, 0x04, 0x00, 0x00, 0xf7, 0x00, 0x03, 0x00,
    0x6b, 0x04, 0x00, 0x00, 0x00, 0x00, 0x00, 0x00, 0xfa, 0x00, 0x04, 0x00, 0x69, 0x04, 0x00, 0x00, 0x6a, 0x04, 0x00,
    0x00, 0x6b, 0x04, 0x00, 0x00, 0xf8, 0x00, 0x02, 0x00, 0x6a, 0x04, 0x00, 0x00, 0x3e, 0x00, 0x03, 0x00, 0x5a, 0x04,
    0x00, 0x00, 0xa6, 0x00, 0x00, 0x00, 0x3e, 0x00, 0x03, 0x00, 0x5b, 0x04, 0x00, 0x00, 0xa2, 0x00, 0x00, 0x00, 0xf9,
    0x00, 0x02, 0x00, 0x92, 0x04, 0x00, 0x00, 0xf8, 0x00, 0x02, 0x00, 0x6b, 0x04, 0x00, 0x00, 0xc2, 0x00, 0x05, 0x00,
    0x0c, 0x00, 0x00, 0x00, 0x98, 0x04, 0x00, 0x00, 0x77, 0x00, 0x00, 0x00, 0xb8, 0x00, 0x00, 0x00, 0x71, 0x00, 0x04,
    0x00, 0x09, 0x00, 0x00, 0x00, 0x99, 0x04, 0x00, 0x00, 0x98, 0x04, 0x00, 0x00, 0xc7, 0x00, 0x05, 0x00, 0x0c, 0x00,
    0x00, 0x00, 0x9a, 0x04, 0x00, 0x00, 0x77, 0x00, 0x00, 0x00, 0xbb, 0x00, 0x00, 0x00, 0x71, 0x00, 0x04, 0x00, 0x09,
    0x00, 0x00, 0x00, 0x9b, 0x04, 0x00, 0x00, 0x9a, 0x04, 0x00, 0x00, 0x80, 0x00, 0x05, 0x00, 0x09, 0x00, 0x00, 0x00,
    0xa0, 0x04, 0x00, 0x00, 0x9b, 0x04, 0x00, 0x00, 0xc4, 0x00, 0x00, 0x00, 0xc4, 0x00, 0x05, 0x00, 0x09, 0x00, 0x00,
    0x00, 0xa3, 0x04, 0x00, 0x00, 0xa0, 0x04, 0x00, 0x00, 0xc9, 0x00, 0x00, 0x00, 0xc2, 0x00, 0x05, 0x00, 0x09, 0x00,
    0x00, 0x00, 0xa4, 0x04, 0x00, 0x00, 0xa0, 0x04, 0x00, 0x00, 0xcb, 0x00, 0x00, 0x00, 0xc5, 0x00, 0x05, 0x00, 0x09,
    0x00, 0x00, 0x00, 0xa5, 0x04, 0x00, 0x00, 0xa3, 0x04, 0x00, 0x00, 0xa4, 0x04, 0x00, 0x00, 0x84, 0x00, 0x05, 0x00,
    0x09, 0x00, 0x00, 0x00, 0xa6, 0x04, 0x00, 0x00, 0xce, 0x00, 0x00, 0x00, 0xa5, 0x04, 0x00, 0x00, 0xc2, 0x00, 0x05,
    0x00, 0x09, 0x00, 0x00, 0x00, 0xa7, 0x04, 0x00, 0x00, 0xa6, 0x04, 0x00, 0x00, 0xcb, 0x00, 0x00, 0x00, 0xc6, 0x00,
    0x05, 0x00, 0x09, 0x00, 0x00, 0x00, 0xa8, 0x04, 0x00, 0x00, 0xa6, 0x04, 0x00, 0x00, 0xa7, 0x04, 0x00, 0x00, 0x84,
    0x00, 0x05, 0x00, 0x09, 0x00, 0x00, 0x00, 0xa9, 0x04, 0x00, 0x00, 0xd2, 0x00, 0x00, 0x00, 0xa8, 0x04, 0x00, 0x00,
    0xc2, 0x00, 0x05, 0x00, 0x09, 0x00, 0x00, 0x00, 0xaa, 0x04, 0x00, 0x00, 0xa9, 0x04, 0x00, 0x00, 0xd4, 0x00, 0x00,
    0x00, 0xc6, 0x00, 0x05, 0x00, 0x09, 0x00, 0x00, 0x00, 0xab, 0x04, 0x00, 0x00, 0xa9, 0x04, 0x00, 0x00, 0xaa, 0x04,
    0x00, 0x00, 0x84, 0x00, 0x05, 0x00, 0x09, 0x00, 0x00, 0x00, 0xac, 0x04, 0x00, 0x00, 0xc6, 0x00, 0x00, 0x00, 0xab,
    0x04, 0x00, 0x00, 0xc2, 0x00, 0x05, 0x00, 0x09, 0x00, 0x00, 0x00, 0xad, 0x04, 0x00, 0x00, 0xac, 0x04, 0x00, 0x00,
    0xd8, 0x00, 0x00, 0x00, 0xc6, 0x00, 0x05, 0x00, 0x09, 0x00, 0x00, 0x00, 0xae, 0x04, 0x00, 0x00, 0xac, 0x04, 0x00,
    0x00, 0xad, 0x04, 0x00, 0x00, 0x80, 0x00, 0x05, 0x00, 0x09, 0x00, 0x00, 0x00, 0xb1, 0x04, 0x00, 0x00, 0x99, 0x04,
    0x00, 0x00, 0xc4, 0x00, 0x00, 0x00, 0x84, 0x00, 0x05, 0x00, 0x09, 0x00, 0x00, 0x00, 0xb2, 0x04, 0x00, 0x00, 0xae,
    0x04, 0x00, 0x00, 0xc6, 0x00, 0x00, 0x00, 0x80, 0x00, 0x05, 0x00, 0x09, 0x00, 0x00, 0x00, 0xb3, 0x04, 0x00, 0x00,
    0xb1, 0x04, 0x00, 0x00, 0xb2, 0x04, 0x00, 0x00, 0xc4, 0x00, 0x05, 0x00, 0x09, 0x00, 0x00, 0x00, 0xb4, 0x04, 0x00,
    0x00, 0xb3, 0x04, 0x00, 0x00, 0xc9, 0x00, 0x00, 0x00, 0xc2, 0x00, 0x05, 0x00, 0x09, 0x00, 0x00, 0x00, 0xb5, 0x04,
    0x00, 0x00, 0xb3, 0x04, 0x00, 0x00, 0xcb, 0x00, 0x00, 0x00, 0xc5, 0x00, 0x05, 0x00, 0x09, 0x00, 0x00, 0x00, 0xb6,
    0x04, 0x00, 0x00, 0xb4, 0x04, 0x00, 0x00, 0xb5, 0x04, 0x00, 0x00, 0x84, 0x00, 0x05, 0x00, 0x09, 0x00, 0x00, 0x00,
    0xb7, 0x04, 0x00, 0x00, 0xce, 0x00, 0x00, 0x00, 0xb6, 0x04, 0x00, 0x00, 0xc2, 0x00, 0x05, 0x00, 0x09, 0x00, 0x00,
    0x00, 0xb8, 0x04, 0x00, 0x00, 0xb7, 0x04, 0x00, 0x00, 0xcb, 0x00, 0x00, 0x00, 0xc6, 0x00, 0x05, 0x00, 0x09, 0x00,
    0x00, 0x00, 0xb9, 0x04, 0x00, 0x00, 0xb7, 0x04, 0x00, 0x00, 0xb8, 0x04, 0x00, 0x00, 0x84, 0x00, 0x05, 0x00, 0x09,
    0x00, 0x00, 0x00, 0xba, 0x04, 0x00, 0x00, 0xd2, 0x00, 0x00, 0x00, 0xb9, 0x04, 0x00, 0x00, 0xc2, 0x00, 0x05, 0x00,
    0x09, 0x00, 0x00, 0x00, 0xbb, 0x04, 0x00, 0x00, 0xba, 0x04, 0x00, 0x00, 0xd4, 0x00, 0x00, 0x00, 0xc6, 0x00, 0x05,
    0x00, 0x09, 0x00, 0x00, 0x00, 0xbc, 0x04, 0x00, 0x00, 0xba, 0x04, 0x00, 0x00, 0xbb, 0x04, 0x00, 0x00, 0x84, 0x00,
    0x05, 0x00, 0x09, 0x00, 0x00, 0x00, 0xbd, 0x04, 0x00, 0x00, 0xc6, 0x00, 0x00, 0x00, 0xbc, 0x04, 0x00, 0x00, 0xc2,
    0x00, 0x05, 0x00, 0x09, 0x00, 0x00, 0x00, 0xbe, 0x04, 0x00, 0x00, 0xbd, 0x04, 0x00, 0x00, 0xd8, 0x00, 0x00, 0x00,
    0xc6, 0x00, 0x05, 0x00, 0x09, 0x00, 0x00, 0x00, 0xbf, 0x04, 0x00, 0x00, 0xbd, 0x04, 0x00, 0x00, 0xbe, 0x04, 0x00,
    0x00, 0x3e, 0x00, 0x03, 0x00, 0x5d, 0x04, 0x00, 0x00, 0xbf, 0x04, 0x00, 0x00, 0xf9, 0x00, 0x02, 0x00, 0x6d, 0x04,
    0x00, 0x00, 0xf8, 0x00, 0x02, 0x00, 0x6d, 0x04, 0x00, 0x00, 0xf6, 0x00, 0x04, 0x00, 0x8f, 0x04, 0x00, 0x00, 0x8e,
    0x04, 0x00, 0x00, 0x00, 0x00, 0x00, 0x00, 0xf9, 0x00, 0x02, 0x00, 0x6e, 0x04, 0x00, 0x00, 0xf8, 0x00, 0x02, 0x00,
    0x6e, 0x04, 0x00, 0x00, 0xf9, 0x00, 0x02, 0x00, 0x6f, 0x04, 0x00, 0x00, 0xf8, 0x00, 0x02, 0x00, 0x6f, 0x04, 0x00,
    0x00, 0x3d, 0x00, 0x04, 0x00, 0x09, 0x00, 0x00, 0x00, 0x71, 0x04, 0x00, 0x00, 0xbb, 0x06, 0x00, 0x00, 0x82, 0x00,
    0x05, 0x00, 0x09, 0x00, 0x00, 0x00, 0x72, 0x04, 0x00, 0x00, 0x71, 0x04, 0x00, 0x00, 0xe2, 0x00, 0x00, 0x00, 0x3d,
    0x00, 0x04, 0x00, 0x09, 0x00, 0x00, 0x00, 0x73, 0x04, 0x00, 0x00, 0x5d, 0x04, 0x00, 0x00, 0xc7, 0x00, 0x05, 0x00,
    0x09, 0x00, 0x00, 0x00, 0x74, 0x04, 0x00, 0x00, 0x73, 0x04, 0x00, 0x00, 0x72, 0x04, 0x00, 0x00, 0x3d, 0x00, 0x04,
    0x00, 0x16, 0x00, 0x00, 0x00, 0x76, 0x04, 0x00, 0x00, 0xb9, 0x06, 0x00, 0x00, 0x43, 0x00, 0x05, 0x00, 0x16, 0x00,
    0x00, 0x00, 0x77, 0x04, 0x00, 0x00, 0x76, 0x04, 0x00, 0x00, 0x74, 0x04, 0x00, 0x00, 0x41, 0x00, 0x05, 0x00, 0x0d,
    0x00, 0x00, 0x00, 0x78, 0x04, 0x00, 0x00, 0x77, 0x04, 0x00, 0x00, 0x56, 0x00, 0x00, 0x00, 0x3d, 0x00, 0x06, 0x00,
    0x0c, 0x00, 0x00, 0x00, 0x79, 0x04, 0x00, 0x00, 0x78, 0x04, 0x00, 0x00, 0x02, 0x00, 0x00, 0x00, 0x08, 0x00, 0x00,
    0x00, 0xaa, 0x00, 0x05, 0x00, 0x1d, 0x00, 0x00, 0x00, 0x7a, 0x04, 0x00, 0x00, 0x79, 0x04, 0x00, 0x00, 0xa2, 0x00,
    0x00, 0x00, 0xf7, 0x00, 0x03, 0x00, 0x8b, 0x04, 0x00, 0x00, 0x00, 0x00, 0x00, 0x00, 0xfa, 0x00, 0x04, 0x00, 0x7a,
    0x04, 0x00, 0x00, 0x8a, 0x04, 0x00, 0x00, 0x7b, 0x04, 0x00, 0x00, 0xf8, 0x00, 0x02, 0x00, 0x7b, 0x04, 0x00, 0x00,
    0x3d, 0x00, 0x06, 0x00, 0x0c, 0x00, 0x00, 0x00, 0x7c, 0x04, 0x00, 0x00, 0x78, 0x04, 0x00, 0x00, 0x02, 0x00, 0x00,
    0x00, 0x08, 0x00, 0x00, 0x00, 0xaa, 0x00, 0x05, 0x00, 0x1d, 0x00, 0x00, 0x00, 0x7d, 0x04, 0x00, 0x00, 0x77, 0x00,
    0x00, 0x00, 0x7c, 0x04, 0x00, 0x00, 0xf7, 0x00, 0x03, 0x00, 0x84, 0x04, 0x00, 0x00, 0x00, 0x00, 0x00, 0x00, 0xfa,
    0x00, 0x04, 0x00, 0x7d, 0x04, 0x00, 0x00, 0x7f, 0x04, 0x00, 0x00, 0x7e, 0x04, 0x00, 0x00, 0xf8, 0x00, 0x02, 0x00,
    0x7e, 0x04, 0x00, 0x00, 0x3e, 0x00, 0x03, 0x00, 0x5c, 0x04, 0x00, 0x00, 0xf7, 0x00, 0x00, 0x00, 0xf9, 0x00, 0x02,
    0x00, 0x84, 0x04, 0x00, 0x00, 0xf8, 0x00, 0x02, 0x00, 0x7f, 0x04, 0x00, 0x00, 0x41, 0x00, 0x05, 0x00, 0x0d, 0x00,
    0x00, 0x00, 0x80, 0x04, 0x00, 0x00, 0x77, 0x04, 0x00, 0x00, 0x6f, 0x00, 0x00, 0x00, 0x3d, 0x00, 0x06, 0x00, 0x0c,
    0x00, 0x00, 0x00, 0x81, 0x04, 0x00, 0x00, 0x80, 0x04, 0x00, 0x00, 0x02, 0x00, 0x00, 0x00, 0x08, 0x00, 0x00, 0x00,
    0xab, 0x00, 0x05, 0x00, 0x1d, 0x00, 0x00, 0x00, 0x83, 0x04, 0x00, 0x00, 0x81, 0x04, 0x00, 0x00, 0xa2, 0x00, 0x00,
    0x00, 0x3e, 0x00, 0x03, 0x00, 0x5c, 0x04, 0x00, 0x00, 0x83, 0x04, 0x00, 0x00, 0xf9, 0x00, 0x02, 0x00, 0x84, 0x04,
    0x00, 0x00, 0xf8, 0x00, 0x02, 0x00, 0x84, 0x04, 0x00, 0x00, 0x3d, 0x00, 0x04, 0x00, 0x1d, 0x00, 0x00, 0x00, 0x85,
    0x04, 0x00, 0x00, 0x5c, 0x04, 0x00, 0x00, 0xf7, 0x00, 0x03, 0x00, 0x89, 0x04, 0x00, 0x00, 0x00, 0x00, 0x00, 0x00,
    0xfa, 0x00, 0x04, 0x00, 0x85, 0x04, 0x00, 0x00, 0x86, 0x04, 0x00, 0x00, 0x89, 0x04, 0x00, 0x00, 0xf8, 0x00, 0x02,
    0x00, 0x86, 0x04, 0x00, 0x00, 0x41, 0x00, 0x05, 0x00, 0x0d, 0x00, 0x00, 0x00, 0x87, 0x04, 0x00, 0x00, 0x77, 0x04,
    0x00, 0x00, 0x6f, 0x00, 0x00, 0x00, 0x3d, 0x00, 0x06, 0x00, 0x0c, 0x00, 0x00, 0x00, 0x88, 0x04, 0x00, 0x00, 0x87,
    0x04, 0x00, 0x00, 0x02, 0x00, 0x00, 0x00, 0x08, 0x00, 0x00, 0x00, 0x3e, 0x00, 0x03, 0x00, 0x5a, 0x04, 0x00, 0x00,
    0xa6, 0x00, 0x00, 0x00, 0x3e, 0x00, 0x03, 0x00, 0x5b, 0x04, 0x00, 0x00, 0x88, 0x04, 0x00, 0x00, 0xf9, 0x00, 0x02,
    0x00, 0x8f, 0x04, 0x00, 0x00, 0xf8, 0x00, 0x02, 0x00, 0x89, 0x04, 0x00, 0x00, 0xf9, 0x00, 0x02, 0x00, 0x8b, 0x04,
    0x00, 0x00, 0xf8, 0x00, 0x02, 0x00, 0x8a, 0x04, 0x00, 0x00, 0x3e, 0x00, 0x03, 0x00, 0x5a, 0x04, 0x00, 0x00, 0xa6,
    0x00, 0x00, 0x00, 0x3e, 0x00, 0x03, 0x00, 0x5b, 0x04, 0x00, 0x00, 0xa2, 0x00, 0x00, 0x00, 0xf9, 0x00, 0x02, 0x00,
    0x8f, 0x04, 0x00, 0x00, 0xf8, 0x00, 0x02, 0x00, 0x8b, 0x04, 0x00, 0x00, 0xf9, 0x00, 0x02, 0x00, 0x8c, 0x04, 0x00,
    0x00, 0xf8, 0x00, 0x02, 0x00, 0x8c, 0x04, 0x00, 0x00, 0x80, 0x00, 0x05, 0x00, 0x09, 0x00, 0x00, 0x00, 0x8d, 0x04,
    0x00, 0x00, 0x74, 0x04, 0x00, 0x00, 0xe2, 0x00, 0x00, 0x00, 0x3e, 0x00, 0x03, 0x00, 0x5d, 0x04, 0x00, 0x00, 0x8d,
    0x04, 0x00, 0x00, 0xf9, 0x00, 0x02, 0x00, 0x8e, 0x04, 0x00, 0x00, 0xf8, 0x00, 0x02, 0x00, 0x8e, 0x04, 0x00, 0x00,
    0xf9, 0x00, 0x02, 0x00, 0x6d, 0x04, 0x00, 0x00, 0xf8, 0x00, 0x02, 0x00, 0x8f, 0x04, 0x00, 0x00, 0x3d, 0x00, 0x04,
    0x00, 0x1d, 0x00, 0x00, 0x00, 0x90, 0x04, 0x00, 0x00, 0x5a, 0x04, 0x00, 0x00, 0xf7, 0x00, 0x03, 0x00, 0x91, 0x04,
    0x00, 0x00, 0x00, 0x00, 0x00, 0x00, 0xfa, 0x00, 0x04, 0x00, 0x90, 0x04, 0x00, 0x00, 0x92, 0x04, 0x00, 0x00, 0x91,
    0x04, 0x00, 0x00, 0xf8, 0x00, 0x02, 0x00, 0x91, 0x04, 0x00, 0x00, 0xf9, 0x00, 0x02, 0x00, 0x92, 0x04, 0x00, 0x00,
    0xf8, 0x00, 0x02, 0x00, 0x92, 0x04, 0x00, 0x00, 0x3d, 0x00, 0x04, 0x00, 0x0c, 0x00, 0x00, 0x00, 0x93, 0x04, 0x00,
    0x00, 0x5b, 0x04, 0x00, 0x00, 0xab, 0x00, 0x05, 0x00, 0x1d, 0x00, 0x00, 0x00, 0x06, 0x01, 0x00, 0x00, 0x93, 0x04,
    0x00, 0x00, 0x6b, 0x00, 0x00, 0x00, 0xf7, 0x00, 0x03, 0x00, 0x4a, 0x00, 0x00, 0x00, 0x00, 0x00, 0x00, 0x00, 0xfa,
    0x00, 0x04, 0x00, 0x06, 0x01, 0x00, 0x00, 0x28, 0x00, 0x00, 0x00, 0x4a, 0x00, 0x00, 0x00, 0xf8, 0x00, 0x02, 0x00,
    0x28, 0x00, 0x00, 0x00, 0x3d, 0x00, 0x04, 0x00, 0x51, 0x00, 0x00, 0x00, 0x08, 0x01, 0x00, 0x00, 0x58, 0x00, 0x00,
    0x00, 0x90, 0x01, 0x04, 0x00, 0x05, 0x00, 0x00, 0x00, 0x09, 0x01, 0x00, 0x00, 0x08, 0x01, 0x00, 0x00, 0x51, 0x00,
    0x05, 0x00, 0x06, 0x00, 0x00, 0x00, 0xca, 0x06, 0x00, 0x00, 0x09, 0x01, 0x00, 0x00, 0x00, 0x00, 0x00, 0x00, 0x51,
    0x00, 0x05, 0x00, 0x08, 0x00, 0x00, 0x00, 0xdf, 0x06, 0x00, 0x00, 0xca, 0x06, 0x00, 0x00, 0x00, 0x00, 0x00, 0x00,
    0x51, 0x00, 0x05, 0x00, 0x09, 0x00, 0x00, 0x00, 0xe0, 0x06, 0x00, 0x00, 0xca, 0x06, 0x00, 0x00, 0x01, 0x00, 0x00,
    0x00, 0x3e, 0x00, 0x03, 0x00, 0xcb, 0x06, 0x00, 0x00, 0xdf, 0x06, 0x00, 0x00, 0x3e, 0x00, 0x03, 0x00, 0xcc, 0x06,
    0x00, 0x00, 0xe0, 0x06, 0x00, 0x00, 0x3e, 0x00, 0x03, 0x00, 0xc0, 0x04, 0x00, 0x00, 0xf7, 0x00, 0x00, 0x00, 0xf7,
    0x00, 0x03, 0x00, 0xff, 0x04, 0x00, 0x00, 0x00, 0x00, 0x00, 0x00, 0xfb, 0x00, 0x03, 0x00, 0xac, 0x00, 0x00, 0x00,
    0xc8, 0x04, 0x00, 0x00, 0xf8, 0x00, 0x02, 0x00, 0xc8, 0x04, 0x00, 0x00, 0x3d, 0x00, 0x04, 0x00, 0x09, 0x00, 0x00,
    0x00, 0xca, 0x04, 0x00, 0x00, 0xcc, 0x06, 0x00, 0x00, 0xaa, 0x00, 0x05, 0x00, 0x1d, 0x00, 0x00, 0x00, 0xcb, 0x04,
    0x00, 0x00, 0xca, 0x04, 0x00, 0x00, 0xac, 0x00, 0x00, 0x00, 0xf7, 0x00, 0x03, 0x00, 0xcd, 0x04, 0x00, 0x00, 0x00,
    0x00, 0x00, 0x00, 0xfa, 0x00, 0x04, 0x00, 0xcb, 0x04, 0x00, 0x00, 0xcc, 0x04, 0x00, 0x00, 0xcd, 0x04, 0x00, 0x00,
    0xf8, 0x00, 0x02, 0x00, 0xcc, 0x04, 0x00, 0x00, 0x3e, 0x00, 0x03, 0x00, 0xc0, 0x04, 0x00, 0x00, 0xa6, 0x00, 0x00,
    0x00, 0x3e, 0x00, 0x03, 0x00, 0xc1, 0x04, 0x00, 0x00, 0xa2, 0x00, 0x00, 0x00, 0xf9, 0x00, 0x02, 0x00, 0xff, 0x04,
    0x00, 0x00, 0xf8, 0x00, 0x02, 0x00, 0xcd, 0x04, 0x00, 0x00, 0x82, 0x00, 0x05, 0x00, 0x09, 0x00, 0x00, 0x00, 0xce,
    0x04, 0x00, 0x00, 0xca, 0x04, 0x00, 0x00, 0xe2, 0x00, 0x00, 0x00, 0x7c, 0x00, 0x04, 0x00, 0x55, 0x00, 0x00, 0x00,
    0xcf, 0x04, 0x00, 0x00, 0xce, 0x04, 0x00, 0x00, 0x3e, 0x00, 0x03, 0x00, 0xc2, 0x04, 0x00, 0x00, 0x56, 0x00, 0x00,
    0x00, 0x3e, 0x00, 0x03, 0x00, 0xc3, 0x04, 0x00, 0x00, 0xcf, 0x04, 0x00, 0x00, 0xf9, 0x00, 0x02, 0x00, 0xd0, 0x04,
    0x00, 0x00, 0xf8, 0x00, 0x02, 0x00, 0xd0, 0x04, 0x00, 0x00, 0xf6, 0x00, 0x04, 0x00, 0xfc, 0x04, 0x00, 0x00, 0xfb,
    0x04, 0x00, 0x00, 0x00, 0x00, 0x00, 0x00, 0xf9, 0x00, 0x02, 0x00, 0xd1, 0x04, 0x00, 0x00, 0xf8, 0x00, 0x02, 0x00,
    0xd1, 0x04, 0x00, 0x00, 0x3d, 0x00, 0x04, 0x00, 0x55, 0x00, 0x00, 0x00, 0xd2, 0x04, 0x00, 0x00, 0xc2, 0x04, 0x00,
    0x00, 0x3d, 0x00, 0x04, 0x00, 0x55, 0x00, 0x00, 0x00, 0xd3, 0x04, 0x00, 0x00, 0xc3, 0x04, 0x00, 0x00, 0xb3, 0x00,
    0x05, 0x00, 0x1d, 0x00, 0x00, 0x00, 0xd4, 0x04, 0x00, 0x00, 0xd2, 0x04, 0x00, 0x00, 0xd3, 0x04, 0x00, 0x00, 0xf7,
    0x00, 0x03, 0x00, 0xd6, 0x04, 0x00, 0x00, 0x00, 0x00, 0x00, 0x00, 0xfa, 0x00, 0x04, 0x00, 0xd4, 0x04, 0x00, 0x00,
    0xd6, 0x04, 0x00, 0x00, 0xd5, 0x04, 0x00, 0x00, 0xf8, 0x00, 0x02, 0x00, 0xd5, 0x04, 0x00, 0x00, 0xf9, 0x00, 0x02,
    0x00, 0xfc, 0x04, 0x00, 0x00, 0xf8, 0x00, 0x02, 0x00, 0xd6, 0x04, 0x00, 0x00, 0x3d, 0x00, 0x04, 0x00, 0x55, 0x00,
    0x00, 0x00, 0xd7, 0x04, 0x00, 0x00, 0xc2, 0x04, 0x00, 0x00, 0x3d, 0x00, 0x04, 0x00, 0x55, 0x00, 0x00, 0x00, 0xd8,
    0x04, 0x00, 0x00, 0xc3, 0x04, 0x00, 0x00, 0x82, 0x00, 0x05, 0x00, 0x55, 0x00, 0x00, 0x00, 0xd9, 0x04, 0x00, 0x00,
    0xd8, 0x04, 0x00, 0x00, 0xd7, 0x04, 0x00, 0x00, 0x87, 0x00, 0x05, 0x00, 0x55, 0x00, 0x00, 0x00, 0xda, 0x04, 0x00,
    0x00, 0xd9, 0x04, 0x00, 0x00, 0x65, 0x00, 0x00, 0x00, 0x80, 0x00, 0x05, 0x00, 0x55, 0x00, 0x00, 0x00, 0xdc, 0x04,
    0x00, 0x00, 0xd7, 0x04, 0x00, 0x00, 0xda, 0x04, 0x00, 0x00, 0x3d, 0x00, 0x04, 0x00, 0x08, 0x00, 0x00, 0x00, 0xde,
    0x04, 0x00, 0x00, 0xcb, 0x06, 0x00, 0x00, 0x43, 0x00, 0x05, 0x00, 0x08, 0x00, 0x00, 0x00, 0xdf, 0x04, 0x00, 0x00,
    0xde, 0x04, 0x00, 0x00, 0xdc, 0x04, 0x00, 0x00, 0x3d, 0x00, 0x06, 0x00, 0x07, 0x00, 0x00, 0x00, 0xe0, 0x04, 0x00,
    0x00, 0xdf, 0x04, 0x00, 0x00, 0x02, 0x00, 0x00, 0x00, 0x08, 0x00, 0x00, 0x00, 0x90, 0x01, 0x04, 0x00, 0x17, 0x01,
    0x00, 0x00, 0xe1, 0x04, 0x00, 0x00, 0xe0, 0x04, 0x00, 0x00, 0x51, 0x00, 0x05, 0x00, 0x0c, 0x00, 0x00, 0x00, 0xb6,
    0x06, 0x00, 0x00, 0xe1, 0x04, 0x00, 0x00, 0x00, 0x00, 0x00, 0x00, 0x51, 0x00, 0x05, 0x00, 0x0c, 0x00, 0x00, 0x00,
    0xb7, 0x06, 0x00, 0x00, 0xe1, 0x04, 0x00, 0x00, 0x01, 0x00, 0x00, 0x00, 0x3e, 0x00, 0x03, 0x00, 0xb4, 0x06, 0x00,
    0x00, 0xb7, 0x06, 0x00, 0x00, 0x51, 0x00, 0x05, 0x00, 0x0c, 0x00, 0x00, 0x00, 0xb8, 0x06, 0x00, 0x00, 0xe1, 0x04,
    0x00, 0x00, 0x02, 0x00, 0x00, 0x00, 0x0c, 0x00, 0x07, 0x00, 0x0c, 0x00, 0x00, 0x00, 0xe6, 0x04, 0x00, 0x00, 0x4b,
    0x01, 0x00, 0x00, 0x29, 0x00, 0x00, 0x00, 0xb8, 0x06, 0x00, 0x00, 0x4c, 0x01, 0x00, 0x00, 0x80, 0x00, 0x05, 0x00,
    0x0c, 0x00, 0x00, 0x00, 0xe7, 0x04, 0x00, 0x00, 0xb6, 0x06, 0x00, 0x00, 0xe6, 0x04, 0x00, 0x00, 0xae, 0x00, 0x05,
    0x00, 0x1d, 0x00, 0x00, 0x00, 0xe8, 0x04, 0x00, 0x00, 0x6b, 0x00, 0x00, 0x00, 0xb6, 0x06, 0x00, 0x00, 0xf7, 0x00,
    0x03, 0x00, 0xec, 0x04, 0x00, 0x00, 0x00, 0x00, 0x00, 0x00, 0xfa, 0x00, 0x04, 0x00, 0xe8, 0x04, 0x00, 0x00, 0xea,
    0x04, 0x00, 0x00, 0xe9, 0x04, 0x00, 0x00, 0xf8, 0x00, 0x02, 0x00, 0xe9, 0x04, 0x00, 0x00, 0x3e, 0x00, 0x03, 0x00,
    0xc5, 0x04, 0x00, 0x00, 0xf7, 0x00, 0x00, 0x00, 0xf9, 0x00, 0x02, 0x00, 0xec, 0x04, 0x00, 0x00, 0xf8, 0x00, 0x02,
    0x00, 0xea, 0x04, 0x00, 0x00, 0xb0, 0x00, 0x05, 0x00, 0x1d, 0x00, 0x00, 0x00, 0xeb, 0x04, 0x00, 0x00, 0x6b, 0x00,
    0x00, 0x00, 0xe7, 0x04, 0x00, 0x00, 0x3e, 0x00, 0x03, 0x00, 0xc5, 0x04, 0x00, 0x00, 0xeb, 0x04, 0x00, 0x00, 0xf9,
    0x00, 0x02, 0x00, 0xec, 0x04, 0x00, 0x00, 0xf8, 0x00, 0x02, 0x00, 0xec, 0x04, 0x00, 0x00, 0x3d, 0x00, 0x04, 0x00,
    0x1d, 0x00, 0x00, 0x00, 0xed, 0x04, 0x00, 0x00, 0xc5, 0x04, 0x00, 0x00, 0xf7, 0x00, 0x03, 0x00, 0xfa, 0x04, 0x00,
    0x00, 0x00, 0x00, 0x00, 0x00, 0xfa, 0x00, 0x04, 0x00, 0xed, 0x04, 0x00, 0x00, 0xf5, 0x04, 0x00, 0x00, 0xee, 0x04,
    0x00, 0x00, 0xf8, 0x00, 0x02, 0x00, 0xee, 0x04, 0x00, 0x00, 0xb0, 0x00, 0x05, 0x00, 0x1d, 0x00, 0x00, 0x00, 0xef,
    0x04, 0x00, 0x00, 0x6b, 0x00, 0x00, 0x00, 0xb6, 0x06, 0x00, 0x00, 0xf7, 0x00, 0x03, 0x00, 0xf4, 0x04, 0x00, 0x00,
    0x00, 0x00, 0x00, 0x00, 0xfa, 0x00, 0x04, 0x00, 0xef, 0x04, 0x00, 0x00, 0xf2, 0x04, 0x00, 0x00, 0xf0, 0x04, 0x00,
    0x00, 0xf8, 0x00, 0x02, 0x00, 0xf0, 0x04, 0x00, 0x00, 0x80, 0x00, 0x05, 0x00, 0x55, 0x00, 0x00, 0x00, 0xf1, 0x04,
    0x00, 0x00, 0xdc, 0x04, 0x00, 0x00, 0x6f, 0x00, 0x00, 0x00, 0x3e, 0x00, 0x03, 0x00, 0xc2, 0x04, 0x00, 0x00, 0xf1,
    0x04, 0x00, 0x00, 0xf9, 0x00, 0x02, 0x00, 0xf4, 0x04, 0x00, 0x00, 0xf8, 0x00, 0x02, 0x00, 0xf2, 0x04, 0x00, 0x00,
    0x82, 0x00, 0x05, 0x00, 0x55, 0x00, 0x00, 0x00, 0xf3, 0x04, 0x00, 0x00, 0xdc, 0x04, 0x00, 0x00, 0x6f, 0x00, 0x00,
    0x00, 0x3e, 0x00, 0x03, 0x00, 0xc3, 0x04, 0x00, 0x00, 0xf3, 0x04, 0x00, 0x00, 0xf9, 0x00, 0x02, 0x00, 0xf4, 0x04,
    0x00, 0x00, 0xf8, 0x00, 0x02, 0x00, 0xf4, 0x04, 0x00, 0x00, 0xf9, 0x00, 0x02, 0x00, 0xfa, 0x04, 0x00, 0x00, 0xf8,
    0x00, 0x02, 0x00, 0xf5, 0x04, 0x00, 0x00, 0x3d, 0x00, 0x04, 0x00, 0x0c, 0x00, 0x00, 0x00, 0xf7, 0x04, 0x00, 0x00,
    0xb4, 0x06, 0x00, 0x00, 0x82, 0x00, 0x05, 0x00, 0x0c, 0x00, 0x00, 0x00, 0xf8, 0x04, 0x00, 0x00, 0x6b, 0x00, 0x00,
    0x00, 0xb6, 0x06, 0x00, 0x00, 0x80, 0x00, 0x05, 0x00, 0x0c, 0x00, 0x00, 0x00, 0xf9, 0x04, 0x00, 0x00, 0xf7, 0x04,
    0x00, 0x00, 0xf8, 0x04, 0x00, 0x00, 0x3e, 0x00, 0x03, 0x00, 0xc0, 0x04, 0x00, 0x00, 0xa6, 0x00, 0x00, 0x00, 0x3e,
    0x00, 0x03, 0x00, 0xc1, 0x04, 0x00, 0x00, 0xf9, 0x04, 0x00, 0x00, 0xf9, 0x00, 0x02, 0x00, 0xfc, 0x04, 0x00, 0x00,
    0xf8, 0x00, 0x02, 0x00, 0xfa, 0x04, 0x00, 0x00, 0xf9, 0x00, 0x02, 0x00, 0xfb, 0x04, 0x00, 0x00, 0xf8, 0x00, 0x02,
    0x00, 0xfb, 0x04, 0x00, 0x00, 0xf9, 0x00, 0x02, 0x00, 0xd0, 0x04, 0x00, 0x00, 0xf8, 0x00, 0x02, 0x00, 0xfc, 0x04,
    0x00, 0x00, 0x3d, 0x00, 0x04, 0x00, 0x1d, 0x00, 0x00, 0x00, 0xfd, 0x04, 0x00, 0x00, 0xc0, 0x04, 0x00, 0x00, 0xf7,
    0x00, 0x03, 0x00, 0xfe, 0x04, 0x00, 0x00, 0x00, 0x00, 0x00, 0x00, 0xfa, 0x00, 0x04, 0x00, 0xfd, 0x04, 0x00, 0x00,
    0xff, 0x04, 0x00, 0x00, 0xfe, 0x04, 0x00, 0x00, 0xf8, 0x00, 0x02, 0x00, 0xfe, 0x04, 0x00, 0x00, 0x3e, 0x00, 0x03,
    0x00, 0xc0, 0x04, 0x00, 0x00, 0xa6, 0x00, 0x00, 0x00, 0x3e, 0x00, 0x03, 0x00, 0xc1, 0x04, 0x00, 0x00, 0xa2, 0x00,
    0x00, 0x00, 0xf9, 0x00, 0x02, 0x00, 0xff, 0x04, 0x00, 0x00, 0xf8, 0x00, 0x02, 0x00, 0xff, 0x04, 0x00, 0x00, 0x3d,
    0x00, 0x04, 0x00, 0x0c, 0x00, 0x00, 0x00, 0x00, 0x05, 0x00, 0x00, 0xc1, 0x04, 0x00, 0x00, 0x3d, 0x00, 0x04, 0x00,
    0x51, 0x00, 0x00, 0x00, 0x68, 0x01, 0x00, 0x00, 0x58, 0x00, 0x00, 0x00, 0x90, 0x01, 0x04, 0x00, 0x05, 0x00, 0x00,
    0x00, 0x69, 0x01, 0x00, 0x00, 0x68, 0x01, 0x00, 0x00, 0x51, 0x00, 0x05, 0x00, 0x0b, 0x00, 0x00, 0x00, 0xd0, 0x06,
    0x00, 0x00, 0x69, 0x01, 0x00, 0x00, 0x01, 0x00, 0x00, 0x00, 0xf9, 0x00, 0x02, 0x00, 0x29, 0x00, 0x00, 0x00, 0xf8,
    0x00, 0x02, 0x00, 0x29, 0x00, 0x00, 0x00, 0xf7, 0x00, 0x03, 0x00, 0x46, 0x00, 0x00, 0x00, 0x00, 0x00, 0x00, 0x00,
    0xfb, 0x00, 0x03, 0x00, 0x56, 0x00, 0x00, 0x00, 0x2a, 0x00, 0x00, 0x00, 0xf8, 0x00, 0x02, 0x00, 0x2a, 0x00, 0x00,
    0x00, 0xaa, 0x00, 0x05, 0x00, 0x1d, 0x00, 0x00, 0x00, 0x6e, 0x01, 0x00, 0x00, 0x77, 0x00, 0x00, 0x00, 0xa2, 0x00,
    0x00, 0x00, 0xf7, 0x00, 0x03, 0x00, 0x2d, 0x00, 0x00, 0x00, 0x00, 0x00, 0x00, 0x00, 0xfa, 0x00, 0x04, 0x00, 0x6e,
    0x01, 0x00, 0x00, 0x2b, 0x00, 0x00, 0x00, 0x2c, 0x00, 0x00, 0x00, 0xf8, 0x00, 0x02, 0x00, 0x2c, 0x00, 0x00, 0x00,
    0x41, 0x00, 0x05, 0x00, 0x72, 0x01, 0x00, 0x00, 0x73, 0x01, 0x00, 0x00, 0xd0, 0x06, 0x00, 0x00, 0x56, 0x00, 0x00,
    0x00, 0x41, 0x00, 0x05, 0x00, 0x74, 0x01, 0x00, 0x00, 0x75, 0x01, 0x00, 0x00, 0x73, 0x01, 0x00, 0x00, 0x65, 0x00,
    0x00, 0x00, 0x3d, 0x00, 0x06, 0x00, 0x09, 0x00, 0x00, 0x00, 0x76, 0x01, 0x00, 0x00, 0x75, 0x01, 0x00, 0x00, 0x02,
    0x00, 0x00, 0x00, 0x04, 0x00, 0x00, 0x00, 0xaa, 0x00, 0x05, 0x00, 0x1d, 0x00, 0x00, 0x00, 0x77, 0x01, 0x00, 0x00,
    0x76, 0x01, 0x00, 0x00, 0xac, 0x00, 0x00, 0x00, 0x3e, 0x00, 0x03, 0x00, 0x1f, 0x00, 0x00, 0x00, 0x77, 0x01, 0x00,
    0x00, 0xf9, 0x00, 0x02, 0x00, 0x2d, 0x00, 0x00, 0x00, 0xf8, 0x00, 0x02, 0x00, 0x2b, 0x00, 0x00, 0x00, 0x3e, 0x00,
    0x03, 0x00, 0x1f, 0x00, 0x00, 0x00, 0xa6, 0x00, 0x00, 0x00, 0xf9, 0x00, 0x02, 0x00, 0x2d, 0x00, 0x00, 0x00, 0xf8,
    0x00, 0x02, 0x00, 0x2d, 0x00, 0x00, 0x00, 0x3d, 0x00, 0x04, 0x00, 0x1d, 0x00, 0x00, 0x00, 0x7a, 0x01, 0x00, 0x00,
    0x1f, 0x00, 0x00, 0x00, 0xf7, 0x00, 0x03, 0x00, 0x2f, 0x00, 0x00, 0x00, 0x00, 0x00, 0x00, 0x00, 0xfa, 0x00, 0x04,
    0x00, 0x7a, 0x01, 0x00, 0x00, 0x2e, 0x00, 0x00, 0x00, 0x2f, 0x00, 0x00, 0x00, 0xf8, 0x00, 0x02, 0x00, 0x2e, 0x00,
    0x00, 0x00, 0xf9, 0x00, 0x02, 0x00, 0x46, 0x00, 0x00, 0x00, 0xf8, 0x00, 0x02, 0x00, 0x2f, 0x00, 0x00, 0x00, 0xc2,
    0x00, 0x05, 0x00, 0x0c, 0x00, 0x00, 0x00, 0x05, 0x05, 0x00, 0x00, 0x77, 0x00, 0x00, 0x00, 0xb8, 0x00, 0x00, 0x00,
    0x71, 0x00, 0x04, 0x00, 0x09, 0x00, 0x00, 0x00, 0x06, 0x05, 0x00, 0x00, 0x05, 0x05, 0x00, 0x00, 0xc7, 0x00, 0x05,
    0x00, 0x0c, 0x00, 0x00, 0x00, 0x07, 0x05, 0x00, 0x00, 0x77, 0x00, 0x00, 0x00, 0xbb, 0x00, 0x00, 0x00, 0x71, 0x00,
    0x04, 0x00, 0x09, 0x00, 0x00, 0x00, 0x08, 0x05, 0x00, 0x00, 0x07, 0x05, 0x00, 0x00, 0x80, 0x00, 0x05, 0x00, 0x09,
    0x00, 0x00, 0x00, 0x0d, 0x05, 0x00, 0x00, 0x08, 0x05, 0x00, 0x00, 0xc4, 0x00, 0x00, 0x00, 0xc4, 0x00, 0x05, 0x00,
    0x09, 0x00, 0x00, 0x00, 0x10, 0x05, 0x00, 0x00, 0x0d, 0x05, 0x00, 0x00, 0xc9, 0x00, 0x00, 0x00, 0xc2, 0x00, 0x05,
    0x00, 0x09, 0x00, 0x00, 0x00, 0x11, 0x05, 0x00, 0x00, 0x0d, 0x05, 0x00, 0x00, 0xcb, 0x00, 0x00, 0x00, 0xc5, 0x00,
    0x05, 0x00, 0x09, 0x00, 0x00, 0x00, 0x12, 0x05, 0x00, 0x00, 0x10, 0x05, 0x00, 0x00, 0x11, 0x05, 0x00, 0x00, 0x84,
    0x00, 0x05, 0x00, 0x09, 0x00, 0x00, 0x00, 0x13, 0x05, 0x00, 0x00, 0xce, 0x00, 0x00, 0x00, 0x12, 0x05, 0x00, 0x00,
    0xc2, 0x00, 0x05, 0x00, 0x09, 0x00, 0x00, 0x00, 0x14, 0x05, 0x00, 0x00, 0x13, 0x05, 0x00, 0x00, 0xcb, 0x00, 0x00,
    0x00, 0xc6, 0x00, 0x05, 0x00, 0x09, 0x00, 0x00, 0x00, 0x15, 0x05, 0x00, 0x00, 0x13, 0x05, 0x00, 0x00, 0x14, 0x05,
    0x00, 0x00, 0x84, 0x00, 0x05, 0x00, 0x09, 0x00, 0x00, 0x00, 0x16, 0x05, 0x00, 0x00, 0xd2, 0x00, 0x00, 0x00, 0x15,
    0x05, 0x00, 0x00, 0xc2, 0x00, 0x05, 0x00, 0x09, 0x00, 0x00, 0x00, 0x17, 0x05, 0x00, 0x00, 0x16, 0x05, 0x00, 0x00,
    0xd4, 0x00, 0x00, 0x00, 0xc6, 0x00, 0x05, 0x00, 0x09, 0x00, 0x00, 0x00, 0x18, 0x05, 0x00, 0x00, 0x16, 0x05, 0x00,
    0x00, 0x17, 0x05, 0x00, 0x00, 0x84, 0x00, 0x05, 0x00, 0x09, 0x00, 0x00, 0x00, 0x19, 0x05, 0x00, 0x00, 0xc6, 0x00,
    0x00, 0x00, 0x18, 0x05, 0x00, 0x00, 0xc2, 0x00, 0x05, 0x00, 0x09, 0x00, 0x00, 0x00, 0x1a, 0x05, 0x00, 0x00, 0x19,
    0x05, 0x00, 0x00, 0xd8, 0x00, 0x00, 0x00, 0xc6, 0x00, 0x05, 0x00, 0x09, 0x00, 0x00, 0x00, 0x1b, 0x05, 0x00, 0x00,
    0x19, 0x05, 0x00, 0x00, 0x1a, 0x05, 0x00, 0x00, 0x80, 0x00, 0x05, 0x00, 0x09, 0x00, 0x00, 0x00, 0x1e, 0x05, 0x00,
    0x00, 0x06, 0x05, 0x00, 0x00, 0xc4, 0x00, 0x00, 0x00, 0x84, 0x00, 0x05, 0x00, 0x09, 0x00, 0x00, 0x00, 0x1f, 0x05,
    0x00, 0x00, 0x1b, 0x05, 0x00, 0x00, 0xc6, 0x00, 0x00, 0x00, 0x80, 0x00, 0x05, 0x00, 0x09, 0x00, 0x00, 0x00, 0x20,
    0x05, 0x00, 0x00, 0x1e, 0x05, 0x00, 0x00, 0x1f, 0x05, 0x00, 0x00, 0xc4, 0x00, 0x05, 0x00, 0x09, 0x00, 0x00, 0x00,
    0x21, 0x05, 0x00, 0x00, 0x20, 0x05, 0x00, 0x00, 0xc9, 0x00, 0x00, 0x00, 0xc2, 0x00, 0x05, 0x00, 0x09, 0x00, 0x00,
    0x00, 0x22, 0x05, 0x00, 0x00, 0x20, 0x05, 0x00, 0x00, 0xcb, 0x00, 0x00, 0x00, 0xc5, 0x00, 0x05, 0x00, 0x09, 0x00,
    0x00, 0x00, 0x23, 0x05, 0x00, 0x00, 0x21, 0x05, 0x00, 0x00, 0x22, 0x05, 0x00, 0x00, 0x84, 0x00, 0x05, 0x00, 0x09,
    0x00, 0x00, 0x00, 0x24, 0x05, 0x00, 0x00, 0xce, 0x00, 0x00, 0x00, 0x23, 0x05, 0x00, 0x00, 0xc2, 0x00, 0x05, 0x00,
    0x09, 0x00, 0x00, 0x00, 0x25, 0x05, 0x00, 0x00, 0x24, 0x05, 0x00, 0x00, 0xcb, 0x00, 0x00, 0x00, 0xc6, 0x00, 0x05,
    0x00, 0x09, 0x00, 0x00, 0x00, 0x26, 0x05, 0x00, 0x00, 0x24, 0x05, 0x00, 0x00, 0x25, 0x05, 0x00, 0x00, 0x84, 0x00,
    0x05, 0x00, 0x09, 0x00, 0x00, 0x00, 0x27, 0x05, 0x00, 0x00, 0xd2, 0x00, 0x00, 0x00, 0x26, 0x05, 0x00, 0x00, 0xc2,
    0x00, 0x05, 0x00, 0x09, 0x00, 0x00, 0x00, 0x28, 0x05, 0x00, 0x00, 0x27, 0x05, 0x00, 0x00, 0xd4, 0x00, 0x00, 0x00,
    0xc6, 0x00, 0x05, 0x00, 0x09, 0x00, 0x00, 0x00, 0x29, 0x05, 0x00, 0x00, 0x27, 0x05, 0x00, 0x00, 0x28, 0x05, 0x00,
    0x00, 0x84, 0x00, 0x05, 0x00, 0x09, 0x00, 0x00, 0x00, 0x2a, 0x05, 0x00, 0x00, 0xc6, 0x00, 0x00, 0x00, 0x29, 0x05,
    0x00, 0x00, 0xc2, 0x00, 0x05, 0x00, 0x09, 0x00, 0x00, 0x00, 0x2b, 0x05, 0x00, 0x00, 0x2a, 0x05, 0x00, 0x00, 0xd8,
    0x00, 0x00, 0x00, 0xc6, 0x00, 0x05, 0x00, 0x09, 0x00, 0x00, 0x00, 0x2c, 0x05, 0x00, 0x00, 0x2a, 0x05, 0x00, 0x00,
    0x2b, 0x05, 0x00, 0x00, 0x3e, 0x00, 0x03, 0x00, 0x21, 0x00, 0x00, 0x00, 0x2c, 0x05, 0x00, 0x00, 0xf9, 0x00, 0x02,
    0x00, 0x30, 0x00, 0x00, 0x00, 0xf8, 0x00, 0x02, 0x00, 0x30, 0x00, 0x00, 0x00, 0xf6, 0x00, 0x04, 0x00, 0x44, 0x00,
    0x00, 0x00, 0x41, 0x00, 0x00, 0x00, 0x00, 0x00, 0x00, 0x00, 0xf9, 0x00, 0x02, 0x00, 0x31, 0x00, 0x00, 0x00, 0xf8,
    0x00, 0x02, 0x00, 0x31, 0x00, 0x00, 0x00, 0xf9, 0x00, 0x02, 0x00, 0x32, 0x00, 0x00, 0x00, 0xf8, 0x00, 0x02, 0x00,
    0x32, 0x00, 0x00, 0x00, 0xf7, 0x00, 0x03, 0x00, 0x3f, 0x00, 0x00, 0x00, 0x00, 0x00, 0x00, 0x00, 0xfb, 0x00, 0x03,
    0x00, 0x56, 0x00, 0x00, 0x00, 0x33, 0x00, 0x00, 0x00, 0xf8, 0x00, 0x02, 0x00, 0x33, 0x00, 0x00, 0x00, 0xf9, 0x00,
    0x02, 0x00, 0x34, 0x00, 0x00, 0x00, 0xf8, 0x00, 0x02, 0x00, 0x34, 0x00, 0x00, 0x00, 0x41, 0x00, 0x05, 0x00, 0x72,
    0x01, 0x00, 0x00, 0x80, 0x01, 0x00, 0x00, 0xd0, 0x06, 0x00, 0x00, 0x56, 0x00, 0x00, 0x00, 0x41, 0x00, 0x05, 0x00,
    0x74, 0x01, 0x00, 0x00, 0x81, 0x01, 0x00, 0x00, 0x80, 0x01, 0x00, 0x00, 0x65, 0x00, 0x00, 0x00, 0x3d, 0x00, 0x06,
    0x00, 0x09, 0x00, 0x00, 0x00, 0x82, 0x01, 0x00, 0x00, 0x81, 0x01, 0x00, 0x00, 0x02, 0x00, 0x00, 0x00, 0x04, 0x00,
    0x00, 0x00, 0x82, 0x00, 0x05, 0x00, 0x09, 0x00, 0x00, 0x00, 0x83, 0x01, 0x00, 0x00, 0x82, 0x01, 0x00, 0x00, 0xe2,
    0x00, 0x00, 0x00, 0x3d, 0x00, 0x04, 0x00, 0x09, 0x00, 0x00, 0x00, 0x84, 0x01, 0x00, 0x00, 0x21, 0x00, 0x00, 0x00,
    0xc7, 0x00, 0x05, 0x00, 0x09, 0x00, 0x00, 0x00, 0x85, 0x01, 0x00, 0x00, 0x84, 0x01, 0x00, 0x00, 0x83, 0x01, 0x00,
    0x00, 0x41, 0x00, 0x05, 0x00, 0x86, 0x01, 0x00, 0x00, 0x87, 0x01, 0x00, 0x00, 0x80, 0x01, 0x00, 0x00, 0x56, 0x00,
    0x00, 0x00, 0x3d, 0x00, 0x06, 0x00, 0x16, 0x00, 0x00, 0x00, 0x88, 0x01, 0x00, 0x00, 0x87, 0x01, 0x00, 0x00, 0x02,
    0x00, 0x00, 0x00, 0x08, 0x00, 0x00, 0x00, 0x43, 0x00, 0x05, 0x00, 0x16, 0x00, 0x00, 0x00, 0x89, 0x01, 0x00, 0x00,
    0x88, 0x01, 0x00, 0x00, 0x85, 0x01, 0x00, 0x00, 0x41, 0x00, 0x05, 0x00, 0x0d, 0x00, 0x00, 0x00, 0x8a, 0x01, 0x00,
    0x00, 0x89, 0x01, 0x00, 0x00, 0x56, 0x00, 0x00, 0x00, 0x3d, 0x00, 0x06, 0x00, 0x0c, 0x00, 0x00, 0x00, 0x8b, 0x01,
    0x00, 0x00, 0x8a, 0x01, 0x00, 0x00, 0x02, 0x00, 0x00, 0x00, 0x08, 0x00, 0x00, 0x00, 0xab, 0x00, 0x05, 0x00, 0x1d,
    0x00, 0x00, 0x00, 0x8d, 0x01, 0x00, 0x00, 0x8b, 0x01, 0x00, 0x00, 0x77, 0x00, 0x00, 0x00, 0xf7, 0x00, 0x03, 0x00,
    0x43, 0x00, 0x00, 0x00, 0x00, 0x00, 0x00, 0x00, 0xfa, 0x00, 0x04, 0x00, 0x8d, 0x01, 0x00, 0x00, 0x35, 0x00, 0x00,
    0x00, 0x43, 0x00, 0x00, 0x00, 0xf8, 0x00, 0x02, 0x00, 0x35, 0x00, 0x00, 0x00, 0xab, 0x00, 0x05, 0x00, 0x1d, 0x00,
    0x00, 0x00, 0x90, 0x01, 0x00, 0x00, 0x8b, 0x01, 0x00, 0x00, 0xa2, 0x00, 0x00, 0x00, 0xf7, 0x00, 0x03, 0x00, 0x38,
    0x00, 0x00, 0x00, 0x00, 0x00, 0x00, 0x00, 0xfa, 0x00, 0x04, 0x00, 0x90, 0x01, 0x00, 0x00, 0x36, 0x00, 0x00, 0x00,
    0x37, 0x00, 0x00, 0x00, 0xf8, 0x00, 0x02, 0x00, 0x37, 0x00, 0x00, 0x00, 0x3e, 0x00, 0x03, 0x00, 0x1f, 0x00, 0x00,
    0x00, 0xf7, 0x00, 0x00, 0x00, 0xf9, 0x00, 0x02, 0x00, 0x38, 0x00, 0x00, 0x00, 0xf8, 0x00, 0x02, 0x00, 0x36, 0x00,
    0x00, 0x00, 0x41, 0x00, 0x05, 0x00, 0x0d, 0x00, 0x00, 0x00, 0x92, 0x01, 0x00, 0x00, 0x89, 0x01, 0x00, 0x00, 0x6f,
    0x00, 0x00, 0x00, 0x3d, 0x00, 0x06, 0x00, 0x0c, 0x00, 0x00, 0x00, 0x93, 0x01, 0x00, 0x00, 0x92, 0x01, 0x00, 0x00,
    0x02, 0x00, 0x00, 0x00, 0x08, 0x00, 0x00, 0x00, 0xab, 0x00, 0x05, 0x00, 0x1d, 0x00, 0x00, 0x00, 0x95, 0x01, 0x00,
    0x00, 0x93, 0x01, 0x00, 0x00, 0xa2, 0x00, 0x00, 0x00, 0x3e, 0x00, 0x03, 0x00, 0x1f, 0x00, 0x00, 0x00, 0x95, 0x01,
    0x00, 0x00, 0xf9, 0x00, 0x02, 0x00, 0x38, 0x00, 0x00, 0x00, 0xf8, 0x00, 0x02, 0x00, 0x38, 0x00, 0x00, 0x00, 0x3d,
    0x00, 0x04, 0x00, 0x1d, 0x00, 0x00, 0x00, 0x9a, 0x01, 0x00, 0x00, 0x1f, 0x00, 0x00, 0x00, 0xf7, 0x00, 0x03, 0x00,
    0x3a, 0x00, 0x00, 0x00, 0x00, 0x00, 0x00, 0x00, 0xfa, 0x00, 0x04, 0x00, 0x9a, 0x01, 0x00, 0x00, 0x39, 0x00, 0x00,
    0x00, 0x3a, 0x00, 0x00, 0x00, 0xf8, 0x00, 0x02, 0x00, 0x39, 0x00, 0x00, 0x00, 0xf9, 0x00, 0x02, 0x00, 0x3f, 0x00,
    0x00, 0x00, 0xf8, 0x00, 0x02, 0x00, 0x3a, 0x00, 0x00, 0x00, 0xe6, 0x00, 0x09, 0x00, 0x0c, 0x00, 0x00, 0x00, 0x9d,
    0x01, 0x00, 0x00, 0x8a, 0x01, 0x00, 0x00, 0xe2, 0x00, 0x00, 0x00, 0xac, 0x00, 0x00, 0x00, 0xac, 0x00, 0x00, 0x00,
    0x77, 0x00, 0x00, 0x00, 0x8b, 0x01, 0x00, 0x00, 0xab, 0x00, 0x05, 0x00, 0x1d, 0x00, 0x00, 0x00, 0x9f, 0x01, 0x00,
    0x00, 0x9d, 0x01, 0x00, 0x00, 0xa2, 0x00, 0x00, 0x00, 0xf7, 0x00, 0x03, 0x00, 0x3d, 0x00, 0x00, 0x00, 0x00, 0x00,
    0x00, 0x00, 0xfa, 0x00, 0x04, 0x00, 0x9f, 0x01, 0x00, 0x00, 0x3b, 0x00, 0x00, 0x00, 0x3c, 0x00, 0x00, 0x00, 0xf8,
    0x00, 0x02, 0x00, 0x3c, 0x00, 0x00, 0x00, 0x3e, 0x00, 0x03, 0x00, 0x22, 0x00, 0x00, 0x00, 0xf7, 0x00, 0x00, 0x00,
    0xf9, 0x00, 0x02, 0x00, 0x3d, 0x00, 0x00, 0x00, 0xf8, 0x00, 0x02, 0x00, 0x3b, 0x00, 0x00, 0x00, 0xab, 0x00, 0x05,
    0x00, 0x1d, 0x00, 0x00, 0x00, 0xa2, 0x01, 0x00, 0x00, 0x9d, 0x01, 0x00, 0x00, 0x77, 0x00, 0x00, 0x00, 0x3e, 0x00,
    0x03, 0x00, 0x22, 0x00, 0x00, 0x00, 0xa2, 0x01, 0x00, 0x00, 0xf9, 0x00, 0x02, 0x00, 0x3d, 0x00, 0x00, 0x00, 0xf8,
    0x00, 0x02, 0x00, 0x3d, 0x00, 0x00, 0x00, 0x3d, 0x00, 0x04, 0x00, 0x1d, 0x00, 0x00, 0x00, 0xa7, 0x01, 0x00, 0x00,
    0x22, 0x00, 0x00, 0x00, 0xf7, 0x00, 0x03, 0x00, 0x42, 0x00, 0x00, 0x00, 0x00, 0x00, 0x00, 0x00, 0xfa, 0x00, 0x04,
    0x00, 0xa7, 0x01, 0x00, 0x00, 0x3e, 0x00, 0x00, 0x00, 0x42, 0x00, 0x00, 0x00, 0xf8, 0x00, 0x02, 0x00, 0x3e, 0x00,
    0x00, 0x00, 0xf9, 0x00, 0x02, 0x00, 0x3f, 0x00, 0x00, 0x00, 0xf8, 0x00, 0x02, 0x00, 0x42, 0x00, 0x00, 0x00, 0x41,
    0x00, 0x05, 0x00, 0x74, 0x01, 0x00, 0x00, 0xae, 0x01, 0x00, 0x00, 0x80, 0x01, 0x00, 0x00, 0x6f, 0x00, 0x00, 0x00,
    0xea, 0x00, 0x07, 0x00, 0x09, 0x00, 0x00, 0x00, 0xaf, 0x01, 0x00, 0x00, 0xae, 0x01, 0x00, 0x00, 0xe2, 0x00, 0x00,
    0x00, 0xac, 0x00, 0x00, 0x00, 0xe2, 0x00, 0x00, 0x00, 0xf9, 0x00, 0x02, 0x00, 0x43, 0x00, 0x00, 0x00, 0xf8, 0x00,
    0x02, 0x00, 0x43, 0x00, 0x00, 0x00, 0x41, 0x00, 0x05, 0x00, 0x0d, 0x00, 0x00, 0x00, 0xb1, 0x01, 0x00, 0x00, 0x89,
    0x01, 0x00, 0x00, 0x6f, 0x00, 0x00, 0x00, 0x3e, 0x00, 0x05, 0x00, 0xb1, 0x01, 0x00, 0x00, 0x00, 0x05, 0x00, 0x00,
    0x02, 0x00, 0x00, 0x00, 0x08, 0x00, 0x00, 0x00, 0xf9, 0x00, 0x02, 0x00, 0x44, 0x00, 0x00, 0x00, 0xf8, 0x00, 0x02,
    0x00, 0x3f, 0x00, 0x00, 0x00, 0xf9, 0x00, 0x02, 0x00, 0x40, 0x00, 0x00, 0x00, 0xf8, 0x00, 0x02, 0x00, 0x40, 0x00,
    0x00, 0x00, 0x80, 0x00, 0x05, 0x00, 0x09, 0x00, 0x00, 0x00, 0xab, 0x01, 0x00, 0x00, 0x85, 0x01, 0x00, 0x00, 0xe2,
    0x00, 0x00, 0x00, 0x3e, 0x00, 0x03, 0x00, 0x21, 0x00, 0x00, 0x00, 0xab, 0x01, 0x00, 0x00, 0xf9, 0x00, 0x02, 0x00,
    0x41, 0x00, 0x00, 0x00, 0xf8, 0x00, 0x02, 0x00, 0x41, 0x00, 0x00, 0x00, 0xf9, 0x00, 0x02, 0x00, 0x30, 0x00, 0x00,
    0x00, 0xf8, 0x00, 0x02, 0x00, 0x44, 0x00, 0x00, 0x00, 0xf9, 0x00, 0x02, 0x00, 0x45, 0x00, 0x00, 0x00, 0xf8, 0x00,
    0x02, 0x00, 0x45, 0x00, 0x00, 0x00, 0xf9, 0x00, 0x02, 0x00, 0x46, 0x00, 0x00, 0x00, 0xf8, 0x00, 0x02, 0x00, 0x46,
    0x00, 0x00, 0x00, 0x3d, 0x00, 0x04, 0x00, 0x51, 0x00, 0x00, 0x00, 0xb6, 0x01, 0x00, 0x00, 0x58, 0x00, 0x00, 0x00,
    0x90, 0x01, 0x04, 0x00, 0x05, 0x00, 0x00, 0x00, 0xb7, 0x01, 0x00, 0x00, 0xb6, 0x01, 0x00, 0x00, 0x51, 0x00, 0x05,
    0x00, 0x0e, 0x00, 0x00, 0x00, 0xd2, 0x06, 0x00, 0x00, 0xb7, 0x01, 0x00, 0x00, 0x03, 0x00, 0x00, 0x00, 0x43, 0x00,
    0x05, 0x00, 0x0e, 0x00, 0x00, 0x00, 0xbc, 0x01, 0x00, 0x00, 0xd2, 0x06, 0x00, 0x00, 0x4f, 0x00, 0x00, 0x00, 0x3d,
    0x00, 0x06, 0x00, 0x0d, 0x00, 0x00, 0x00, 0xbd, 0x01, 0x00, 0x00, 0xbc, 0x01, 0x00, 0x00, 0x02, 0x00, 0x00, 0x00,
    0x08, 0x00, 0x00, 0x00, 0xab, 0x00, 0x05, 0x00, 0x1d, 0x00, 0x00, 0x00, 0xbe, 0x01, 0x00, 0x00, 0x00, 0x05, 0x00,
    0x00, 0xa2, 0x00, 0x00, 0x00, 0xf7, 0x00, 0x03, 0x00, 0x49, 0x00, 0x00, 0x00, 0x00, 0x00, 0x00, 0x00, 0xfa, 0x00,
    0x04, 0x00, 0xbe, 0x01, 0x00, 0x00, 0x47, 0x00, 0x00, 0x00, 0x48, 0x00, 0x00, 0x00, 0xf8, 0x00, 0x02, 0x00, 0x48,
    0x00, 0x00, 0x00, 0x3e, 0x00, 0x03, 0x00, 0x25, 0x00, 0x00, 0x00, 0x6b, 0x00, 0x00, 0x00, 0xf9, 0x00, 0x02, 0x00,
    0x49, 0x00, 0x00, 0x00, 0xf8, 0x00, 0x02, 0x00, 0x47, 0x00, 0x00, 0x00, 0x3e, 0x00, 0x03, 0x00, 0x25, 0x00, 0x00,
    0x00, 0x00, 0x05, 0x00, 0x00, 0xf9, 0x00, 0x02, 0x00, 0x49, 0x00, 0x00, 0x00, 0xf8, 0x00, 0x02, 0x00, 0x49, 0x00,
    0x00, 0x00, 0x3d, 0x00, 0x04, 0x00, 0x0c, 0x00, 0x00, 0x00, 0xc4, 0x01, 0x00, 0x00, 0x25, 0x00, 0x00, 0x00, 0x3e,
    0x00, 0x05, 0x00, 0xbd, 0x01, 0x00, 0x00, 0xc4, 0x01, 0x00, 0x00, 0x02, 0x00, 0x00, 0x00, 0x08, 0x00, 0x00, 0x00,
    0xf9, 0x00, 0x02, 0x00, 0x4a, 0x00, 0x00, 0x00, 0xf8, 0x00, 0x02, 0x00, 0x4a, 0x00, 0x00, 0x00, 0xf9, 0x00, 0x02,
    0x00, 0x21, 0x04, 0x00, 0x00, 0xf8, 0x00, 0x02, 0x00, 0x21, 0x04, 0x00, 0x00, 0xfd, 0x00, 0x01, 0x00, 0x38, 0x00,
    0x01, 0x00, 0x36, 0x00, 0x05, 0x00, 0x01, 0x00, 0x00, 0x00, 0xc8, 0x01, 0x00, 0x00, 0x00, 0x00, 0x00, 0x00, 0x03,
    0x00, 0x00, 0x00, 0xf8, 0x00, 0x02, 0x00, 0xc9, 0x01, 0x00, 0x00, 0x3b, 0x00, 0x04, 0x00, 0x1e, 0x00, 0x00, 0x00,
    0xd2, 0x01, 0x00, 0x00, 0x07, 0x00, 0x00, 0x00, 0x3b, 0x00, 0x04, 0x00, 0x20, 0x00, 0x00, 0x00, 0xd3, 0x01, 0x00,
    0x00, 0x07, 0x00, 0x00, 0x00, 0x3b, 0x00, 0x04, 0x00, 0x1e, 0x00, 0x00, 0x00, 0xd4, 0x01, 0x00, 0x00, 0x07, 0x00,
    0x00, 0x00, 0xf7, 0x00, 0x03, 0x00, 0x24, 0x04, 0x00, 0x00, 0x00, 0x00, 0x00, 0x00, 0xfb, 0x00, 0x03, 0x00, 0xac,
    0x00, 0x00, 0x00, 0x25, 0x04, 0x00, 0x00, 0xf8, 0x00, 0x02, 0x00, 0x25, 0x04, 0x00, 0x00, 0x3d, 0x00, 0x04, 0x00,
    0x4b, 0x00, 0x00, 0x00, 0xf5, 0x01, 0x00, 0x00, 0x4e, 0x00, 0x00, 0x00, 0x51, 0x00, 0x05, 0x00, 0x09, 0x00, 0x00,
    0x00, 0xf6, 0x01, 0x00, 0x00, 0xf5, 0x01, 0x00, 0x00, 0x00, 0x00, 0x00, 0x00, 0x41, 0x00, 0x05, 0x00, 0xfb, 0x01,
    0x00, 0x00, 0xfc, 0x01, 0x00, 0x00, 0xfa, 0x01, 0x00, 0x00, 0x56, 0x00, 0x00, 0x00, 0x3d, 0x00, 0x04, 0x00, 0xf8,
    0x01, 0x00, 0x00, 0xfd, 0x01, 0x00, 0x00, 0xfc, 0x01, 0x00, 0x00, 0x90, 0x01, 0x04, 0x00, 0xca, 0x01, 0x00, 0x00,
    0xfe, 0x01, 0x00, 0x00, 0xfd, 0x01, 0x00, 0x00, 0x51, 0x00, 0x05, 0x00, 0x72, 0x01, 0x00, 0x00, 0xe2, 0x06, 0x00,
    0x00, 0xfe, 0x01, 0x00, 0x00, 0x00, 0x00, 0x00, 0x00, 0x41, 0x00, 0x05, 0x00, 0x74, 0x01, 0x00, 0x00, 0x03, 0x02,
    0x00, 0x00, 0xe2, 0x06, 0x00, 0x00, 0x65, 0x00, 0x00, 0x00, 0x3d, 0x00, 0x06, 0x00, 0x09, 0x00, 0x00, 0x00, 0x04,
    0x02, 0x00, 0x00, 0x03, 0x02, 0x00, 0x00, 0x02, 0x00, 0x00, 0x00, 0x04, 0x00, 0x00, 0x00, 0xae, 0x00, 0x05, 0x00,
    0x1d, 0x00, 0x00, 0x00, 0x05, 0x02, 0x00, 0x00, 0xf6, 0x01, 0x00, 0x00, 0x04, 0x02, 0x00, 0x00, 0xf7, 0x00, 0x03,
    0x00, 0xd6, 0x01, 0x00, 0x00, 0x00, 0x00, 0x00, 0x00, 0xfa, 0x00, 0x04, 0x00, 0x05, 0x02, 0x00, 0x00, 0xd5, 0x01,
    0x00, 0x00, 0xd6, 0x01, 0x00, 0x00, 0xf8, 0x00, 0x02, 0x00, 0xd5, 0x01, 0x00, 0x00, 0xf9, 0x00, 0x02, 0x00, 0x24,
    0x04, 0x00, 0x00, 0xf8, 0x00, 0x02, 0x00, 0xd6, 0x01, 0x00, 0x00, 0x3d, 0x00, 0x04, 0x00, 0xf8, 0x01, 0x00, 0x00,
    0x08, 0x02, 0x00, 0x00, 0xfc, 0x01, 0x00, 0x00, 0x90, 0x01, 0x04, 0x00, 0xca, 0x01, 0x00, 0x00, 0x09, 0x02, 0x00,
    0x00, 0x08, 0x02, 0x00, 0x00, 0x51, 0x00, 0x05, 0x00, 0x72, 0x01, 0x00, 0x00, 0xe4, 0x06, 0x00, 0x00, 0x09, 0x02,
    0x00, 0x00, 0x00, 0x00, 0x00, 0x00, 0x41, 0x00, 0x05, 0x00, 0x86, 0x01, 0x00, 0x00, 0x0d, 0x02, 0x00, 0x00, 0xe4,
    0x06, 0x00, 0x00, 0x56, 0x00, 0x00, 0x00, 0x3d, 0x00, 0x06, 0x00, 0x16, 0x00, 0x00, 0x00, 0x0e, 0x02, 0x00, 0x00,
    0x0d, 0x02, 0x00, 0x00, 0x02, 0x00, 0x00, 0x00, 0x08, 0x00, 0x00, 0x00, 0x43, 0x00, 0x05, 0x00, 0x16, 0x00, 0x00,
    0x00, 0x0f, 0x02, 0x00, 0x00, 0x0e, 0x02, 0x00, 0x00, 0xf6, 0x01, 0x00, 0x00, 0x3d, 0x00, 0x06, 0x00, 0x15, 0x00,
    0x00, 0x00, 0x10, 0x02, 0x00, 0x00, 0x0f, 0x02, 0x00, 0x00, 0x02, 0x00, 0x00, 0x00, 0x08, 0x00, 0x00, 0x00, 0x90,
    0x01, 0x04, 0x00, 0xce, 0x01, 0x00, 0x00, 0x11, 0x02, 0x00, 0x00, 0x10, 0x02, 0x00, 0x00, 0x51, 0x00, 0x05, 0x00,
    0x0c, 0x00, 0x00, 0x00, 0xe7, 0x06, 0x00, 0x00, 0x11, 0x02, 0x00, 0x00, 0x00, 0x00, 0x00, 0x00, 0x51, 0x00, 0x05,
    0x00, 0x0c, 0x00, 0x00, 0x00, 0xe8, 0x06, 0x00, 0x00, 0x11, 0x02, 0x00, 0x00, 0x01, 0x00, 0x00, 0x00, 0x3d, 0x00,
    0x04, 0x00, 0xf8, 0x01, 0x00, 0x00, 0x13, 0x02, 0x00, 0x00, 0xfc, 0x01, 0x00, 0x00, 0x90, 0x01, 0x04, 0x00, 0xca,
    0x01, 0x00, 0x00, 0x14, 0x02, 0x00, 0x00, 0x13, 0x02, 0x00, 0x00, 0x51, 0x00, 0x05, 0x00, 0x0b, 0x00, 0x00, 0x00,
    0xeb, 0x06, 0x00, 0x00, 0x14, 0x02, 0x00, 0x00, 0x01, 0x00, 0x00, 0x00, 0xf9, 0x00, 0x02, 0x00, 0xd7, 0x01, 0x00,
    0x00, 0xf8, 0x00, 0x02, 0x00, 0xd7, 0x01, 0x00, 0x00, 0xf7, 0x00, 0x03, 0x00, 0xf4, 0x01, 0x00, 0x00, 0x00, 0x00,
    0x00, 0x00, 0xfb, 0x00, 0x03, 0x00, 0x56, 0x00, 0x00, 0x00, 0xd8, 0x01, 0x00, 0x00, 0xf8, 0x00, 0x02, 0x00, 0xd8,
    0x01, 0x00, 0x00, 0xaa, 0x00, 0x05, 0x00, 0x1d, 0x00, 0x00, 0x00, 0x1d, 0x02, 0x00, 0x00, 0xe7, 0x06, 0x00, 0x00,
    0xa2, 0x00, 0x00, 0x00, 0xf7, 0x00, 0x03, 0x00, 0xdb, 0x01, 0x00, 0x00, 0x00, 0x00, 0x00, 0x00, 0xfa, 0x00, 0x04,
    0x00, 0x1d, 0x02, 0x00, 0x00, 0xd9, 0x01, 0x00, 0x00, 0xda, 0x01, 0x00, 0x00, 0xf8, 0x00, 0x02, 0x00, 0xda, 0x01,
    0x00, 0x00, 0x41, 0x00, 0x05, 0x00, 0x72, 0x01, 0x00, 0x00, 0x21, 0x02, 0x00, 0x00, 0xeb, 0x06, 0x00, 0x00, 0x56,
    0x00, 0x00, 0x00, 0x41, 0x00, 0x05, 0x00, 0x74, 0x01, 0x00, 0x00, 0x22, 0x02, 0x00, 0x00, 0x21, 0x02, 0x00, 0x00,
    0x65, 0x00, 0x00, 0x00, 0x3d, 0x00, 0x06, 0x00, 0x09, 0x00, 0x00, 0x00, 0x23, 0x02, 0x00, 0x00, 0x22, 0x02, 0x00,
    0x00, 0x02, 0x00, 0x00, 0x00, 0x04, 0x00, 0x00, 0x00, 0xaa, 0x00, 0x05, 0x00, 0x1d, 0x00, 0x00, 0x00, 0x24, 0x02,
    0x00, 0x00, 0x23, 0x02, 0x00, 0x00, 0xac, 0x00, 0x00, 0x00, 0x3e, 0x00, 0x03, 0x00, 0xd2, 0x01, 0x00, 0x00, 0x24,
    0x02, 0x00, 0x00, 0xf9, 0x00, 0x02, 0x00, 0xdb, 0x01, 0x00, 0x00, 0xf8, 0x00, 0x02, 0x00, 0xd9, 0x01, 0x00, 0x00,
    0x3e, 0x00, 0x03, 0x00, 0xd2, 0x01, 0x00, 0x00, 0xa6, 0x00, 0x00, 0x00, 0xf9, 0x00, 0x02, 0x00, 0xdb, 0x01, 0x00,
    0x00, 0xf8, 0x00, 0x02, 0x00, 0xdb, 0x01, 0x00, 0x00, 0x3d, 0x00, 0x04, 0x00, 0x1d, 0x00, 0x00, 0x00, 0x27, 0x02,
    0x00, 0x00, 0xd2, 0x01, 0x00, 0x00, 0xf7, 0x00, 0x03, 0x00, 0xdd, 0x01, 0x00, 0x00, 0x00, 0x00, 0x00, 0x00, 0xfa,
    0x00, 0x04, 0x00, 0x27, 0x02, 0x00, 0x00, 0xdc, 0x01, 0x00, 0x00, 0xdd, 0x01, 0x00, 0x00, 0xf8, 0x00, 0x02, 0x00,
    0xdc, 0x01, 0x00, 0x00, 0xf9, 0x00, 0x02, 0x00, 0xf4, 0x01, 0x00, 0x00, 0xf8, 0x00, 0x02, 0x00, 0xdd, 0x01, 0x00,
    0x00, 0xc2, 0x00, 0x05, 0x00, 0x0c, 0x00, 0x00, 0x00, 0x31, 0x05, 0x00, 0x00, 0xe7, 0x06, 0x00, 0x00, 0xb8, 0x00,
    0x00, 0x00, 0x71, 0x00, 0x04, 0x00, 0x09, 0x00, 0x00, 0x00, 0x32, 0x05, 0x00, 0x00, 0x31, 0x05, 0x00, 0x00, 0xc7,
    0x00, 0x05, 0x00, 0x0c, 0x00, 0x00, 0x00, 0x33, 0x05, 0x00, 0x00, 0xe7, 0x06, 0x00, 0x00, 0xbb, 0x00, 0x00, 0x00,
    0x71, 0x00, 0x04, 0x00, 0x09, 0x00, 0x00, 0x00, 0x34, 0x05, 0x00, 0x00, 0x33, 0x05, 0x00, 0x00, 0x80, 0x00, 0x05,
    0x00, 0x09, 0x00, 0x00, 0x00, 0x39, 0x05, 0x00, 0x00, 0x34, 0x05, 0x00, 0x00, 0xc4, 0x00, 0x00, 0x00, 0xc4, 0x00,
    0x05, 0x00, 0x09, 0x00, 0x00, 0x00, 0x3c, 0x05, 0x00, 0x00, 0x39, 0x05, 0x00, 0x00, 0xc9, 0x00, 0x00, 0x00, 0xc2,
    0x00, 0x05, 0x00, 0x09, 0x00, 0x00, 0x00, 0x3d, 0x05, 0x00, 0x00, 0x39, 0x05, 0x00, 0x00, 0xcb, 0x00, 0x00, 0x00,
    0xc5, 0x00, 0x05, 0x00, 0x09, 0x00, 0x00, 0x00, 0x3e, 0x05, 0x00, 0x00, 0x3c, 0x05, 0x00, 0x00, 0x3d, 0x05, 0x00,
    0x00, 0x84, 0x00, 0x05, 0x00, 0x09, 0x00, 0x00, 0x00, 0x3f, 0x05, 0x00, 0x00, 0xce, 0x00, 0x00, 0x00, 0x3e, 0x05,
    0x00, 0x00, 0xc2, 0x00, 0x05, 0x00, 0x09, 0x00, 0x00, 0x00, 0x40, 0x05, 0x00, 0x00, 0x3f, 0x05, 0x00, 0x00, 0xcb,
    0x00, 0x00, 0x00, 0xc6, 0x00, 0x05, 0x00, 0x09, 0x00, 0x00, 0x00, 0x41, 0x05, 0x00, 0x00, 0x3f, 0x05, 0x00, 0x00,
    0x40, 0x05, 0x00, 0x00, 0x84, 0x00, 0x05, 0x00, 0x09, 0x00, 0x00, 0x00, 0x42, 0x05, 0x00, 0x00, 0xd2, 0x00, 0x00,
    0x00, 0x41, 0x05, 0x00, 0x00, 0xc2, 0x00, 0x05, 0x00, 0x09, 0x00, 0x00, 0x00, 0x43, 0x05, 0x00, 0x00, 0x42, 0x05,
    0x00, 0x00, 0xd4, 0x00, 0x00, 0x00, 0xc6, 0x00, 0x05, 0x00, 0x09, 0x00, 0x00, 0x00, 0x44, 0x05, 0x00, 0x00, 0x42,
    0x05, 0x00, 0x00, 0x43, 0x05, 0x00, 0x00, 0x84, 0x00, 0x05, 0x00, 0x09, 0x00, 0x00, 0x00, 0x45, 0x05, 0x00, 0x00,
    0xc6, 0x00, 0x00, 0x00, 0x44, 0x05, 0x00, 0x00, 0xc2, 0x00, 0x05, 0x00, 0x09, 0x00, 0x00, 0x00, 0x46, 0x05, 0x00,
    0x00, 0x45, 0x05, 0x00, 0x00, 0xd8, 0x00, 0x00, 0x00, 0xc6, 0x00, 0x05, 0x00, 0x09, 0x00, 0x00, 0x00, 0x47, 0x05,
    0x00, 0x00, 0x45, 0x05, 0x00, 0x00, 0x46, 0x05, 0x00, 0x00, 0x80, 0x00, 0x05, 0x00, 0x09, 0x00, 0x00, 0x00, 0x4a,
    0x05, 0x00, 0x00, 0x32, 0x05, 0x00, 0x00, 0xc4, 0x00, 0x00, 0x00, 0x84, 0x00, 0x05, 0x00, 0x09, 0x00, 0x00, 0x00,
    0x4b, 0x05, 0x00, 0x00, 0x47, 0x05, 0x00, 0x00, 0xc6, 0x00, 0x00, 0x00, 0x80, 0x00, 0x05, 0x00, 0x09, 0x00, 0x00,
    0x00, 0x4c, 0x05, 0x00, 0x00, 0x4a, 0x05, 0x00, 0x00, 0x4b, 0x05, 0x00, 0x00, 0xc4, 0x00, 0x05, 0x00, 0x09, 0x00,
    0x00, 0x00, 0x4d, 0x05, 0x00, 0x00, 0x4c, 0x05, 0x00, 0x00, 0xc9, 0x00, 0x00, 0x00, 0xc2, 0x00, 0x05, 0x00, 0x09,
    0x00, 0x00, 0x00, 0x4e, 0x05, 0x00, 0x00, 0x4c, 0x05, 0x00, 0x00, 0xcb, 0x00, 0x00, 0x00, 0xc5, 0x00, 0x05, 0x00,
    0x09, 0x00, 0x00, 0x00, 0x4f, 0x05, 0x00, 0x00, 0x4d, 0x05, 0x00, 0x00, 0x4e, 0x05, 0x00, 0x00, 0x84, 0x00, 0x05,
    0x00, 0x09, 0x00, 0x00, 0x00, 0x50, 0x05, 0x00, 0x00, 0xce, 0x00, 0x00, 0x00, 0x4f, 0x05, 0x00, 0x00, 0xc2, 0x00,
    0x05, 0x00, 0x09, 0x00, 0x00, 0x00, 0x51, 0x05, 0x00, 0x00, 0x50, 0x05, 0x00, 0x00, 0xcb, 0x00, 0x00, 0x00, 0xc6,
    0x00, 0x05, 0x00, 0x09, 0x00, 0x00, 0x00, 0x52, 0x05, 0x00, 0x00, 0x50, 0x05, 0x00, 0x00, 0x51, 0x05, 0x00, 0x00,
    0x84, 0x00, 0x05, 0x00, 0x09, 0x00, 0x00, 0x00, 0x53, 0x05, 0x00, 0x00, 0xd2, 0x00, 0x00, 0x00, 0x52, 0x05, 0x00,
    0x00, 0xc2, 0x00, 0x05, 0x00, 0x09, 0x00, 0x00, 0x00, 0x54, 0x05, 0x00, 0x00, 0x53, 0x05, 0x00, 0x00, 0xd4, 0x00,
    0x00, 0x00, 0xc6, 0x00, 0x05, 0x00, 0x09, 0x00, 0x00, 0x00, 0x55, 0x05, 0x00, 0x00, 0x53, 0x05, 0x00, 0x00, 0x54,
    0x05, 0x00, 0x00, 0x84, 0x00, 0x05, 0x00, 0x09, 0x00, 0x00, 0x00, 0x56, 0x05, 0x00, 0x00, 0xc6, 0x00, 0x00, 0x00,
    0x55, 0x05, 0x00, 0x00, 0xc2, 0x00, 0x05, 0x00, 0x09, 0x00, 0x00, 0x00, 0x57, 0x05, 0x00, 0x00, 0x56, 0x05, 0x00,
    0x00, 0xd8, 0x00, 0x00, 0x00, 0xc6, 0x00, 0x05, 0x00, 0x09, 0x00, 0x00, 0x00, 0x58, 0x05, 0x00, 0x00, 0x56, 0x05,
    0x00, 0x00, 0x57, 0x05, 0x00, 0x00, 0x3e, 0x00, 0x03, 0x00, 0xd3, 0x01, 0x00, 0x00, 0x58, 0x05, 0x00, 0x00, 0xf9,
    0x00, 0x02, 0x00, 0xde, 0x01, 0x00, 0x00, 0xf8, 0x00, 0x02, 0x00, 0xde, 0x01, 0x00, 0x00, 0xf6, 0x00, 0x04, 0x00,
    0xf2, 0x01, 0x00, 0x00, 0xef, 0x01, 0x00, 0x00, 0x00, 0x00, 0x00, 0x00, 0xf9, 0x00, 0x02, 0x00, 0xdf, 0x01, 0x00,
    0x00, 0xf8, 0x00, 0x02, 0x00, 0xdf, 0x01, 0x00, 0x00, 0xf9, 0x00, 0x02, 0x00, 0xe0, 0x01, 0x00, 0x00, 0xf8, 0x00,
    0x02, 0x00, 0xe0, 0x01, 0x00, 0x00, 0xf7, 0x00, 0x03, 0x00, 0xed, 0x01, 0x00, 0x00, 0x00, 0x00, 0x00, 0x00, 0xfb,
    0x00, 0x03, 0x00, 0x56, 0x00, 0x00, 0x00, 0xe1, 0x01, 0x00, 0x00, 0xf8, 0x00, 0x02, 0x00, 0xe1, 0x01, 0x00, 0x00,
    0xf9, 0x00, 0x02, 0x00, 0xe2, 0x01, 0x00, 0x00, 0xf8, 0x00, 0x02, 0x00, 0xe2, 0x01, 0x00, 0x00, 0x41, 0x00, 0x05,
    0x00, 0x72, 0x01, 0x00, 0x00, 0x2d, 0x02, 0x00, 0x00, 0xeb, 0x06, 0x00, 0x00, 0x56, 0x00, 0x00, 0x00, 0x41, 0x00,
    0x05, 0x00, 0x74, 0x01, 0x00, 0x00, 0x2e, 0x02, 0x00, 0x00, 0x2d, 0x02, 0x00, 0x00, 0x65, 0x00, 0x00, 0x00, 0x3d,
    0x00, 0x06, 0x00, 0x09, 0x00, 0x00, 0x00, 0x2f, 0x02, 0x00, 0x00, 0x2e, 0x02, 0x00, 0x00, 0x02, 0x00, 0x00, 0x00,
    0x04, 0x00, 0x00, 0x00, 0x82, 0x00, 0x05, 0x00, 0x09, 0x00, 0x00, 0x00, 0x30, 0x02, 0x00, 0x00, 0x2f, 0x02, 0x00,
    0x00, 0xe2, 0x00, 0x00, 0x00, 0x3d, 0x00, 0x04, 0x00, 0x09, 0x00, 0x00, 0x00, 0x31, 0x02, 0x00, 0x00, 0xd3, 0x01,
    0x00, 0x00, 0xc7, 0x00, 0x05, 0x00, 0x09, 0x00, 0x00, 0x00, 0x32, 0x02, 0x00, 0x00, 0x31, 0x02, 0x00, 0x00, 0x30,
    0x02, 0x00, 0x00, 0x41, 0x00, 0x05, 0x00, 0x86, 0x01, 0x00, 0x00, 0x33, 0x02, 0x00, 0x00, 0x2d, 0x02, 0x00, 0x00,
    0x56, 0x00, 0x00, 0x00, 0x3d, 0x00, 0x06, 0x00, 0x16, 0x00, 0x00, 0x00, 0x34, 0x02, 0x00, 0x00, 0x33, 0x02, 0x00,
    0x00, 0x02, 0x00, 0x00, 0x00, 0x08, 0x00, 0x00, 0x00, 0x43, 0x00, 0x05, 0x00, 0x16, 0x00, 0x00, 0x00, 0x35, 0x02,
    0x00, 0x00, 0x34, 0x02, 0x00, 0x00, 0x32, 0x02, 0x00, 0x00, 0x41, 0x00, 0x05, 0x00, 0x0d, 0x00, 0x00, 0x00, 0x36,
    0x02, 0x00, 0x00, 0x35, 0x02, 0x00, 0x00, 0x56, 0x00, 0x00, 0x00, 0x3d, 0x00, 0x06, 0x00, 0x0c, 0x00, 0x00, 0x00,
    0x37, 0x02, 0x00, 0x00, 0x36, 0x02, 0x00, 0x00, 0x02, 0x00, 0x00, 0x00, 0x08, 0x00, 0x00, 0x00, 0xab, 0x00, 0x05,
    0x00, 0x1d, 0x00, 0x00, 0x00, 0x39, 0x02, 0x00, 0x00, 0x37, 0x02, 0x00, 0x00, 0xe7, 0x06, 0x00, 0x00, 0xf7, 0x00,
    0x03, 0x00, 0xf1, 0x01, 0x00, 0x00, 0x00, 0x00, 0x00, 0x00, 0xfa, 0x00, 0x04, 0x00, 0x39, 0x02, 0x00, 0x00, 0xe3,
    0x01, 0x00, 0x00, 0xf1, 0x01, 0x00, 0x00, 0xf8, 0x00, 0x02, 0x00, 0xe3, 0x01, 0x00, 0x00, 0xab, 0x00, 0x05, 0x00,
    0x1d, 0x00, 0x00, 0x00, 0x3c, 0x02, 0x00, 0x00, 0x37, 0x02, 0x00, 0x00, 0xa2, 0x00, 0x00, 0x00, 0xf7, 0x00, 0x03,
    0x00, 0xe6, 0x01, 0x00, 0x00, 0x00, 0x00, 0x00, 0x00, 0xfa, 0x00, 0x04, 0x00, 0x3c, 0x02, 0x00, 0x00, 0xe4, 0x01,
    0x00, 0x00, 0xe5, 0x01, 0x00, 0x00, 0xf8, 0x00, 0x02, 0x00, 0xe5, 0x01, 0x00, 0x00, 0x3e, 0x00, 0x03, 0x00, 0xd2,
    0x01, 0x00, 0x00, 0xf7, 0x00, 0x00, 0x00, 0xf9, 0x00, 0x02, 0x00, 0xe6, 0x01, 0x00, 0x00, 0xf8, 0x00, 0x02, 0x00,
    0xe4, 0x01, 0x00, 0x00, 0x41, 0x00, 0x05, 0x00, 0x0d, 0x00, 0x00, 0x00, 0x3e, 0x02, 0x00, 0x00, 0x35, 0x02, 0x00,
    0x00, 0x6f, 0x00, 0x00, 0x00, 0x3d, 0x00, 0x06, 0x00, 0x0c, 0x00, 0x00, 0x00, 0x3f, 0x02, 0x00, 0x00, 0x3e, 0x02,
    0x00, 0x00, 0x02, 0x00, 0x00, 0x00, 0x08, 0x00, 0x00, 0x00, 0xab, 0x00, 0x05, 0x00, 0x1d, 0x00, 0x00, 0x00, 0x41,
    0x02, 0x00, 0x00, 0x3f, 0x02, 0x00, 0x00, 0xa2, 0x00, 0x00, 0x00, 0x3e, 0x00, 0x03, 0x00, 0xd2, 0x01, 0x00, 0x00,
    0x41, 0x02, 0x00, 0x00, 0xf9, 0x00, 0x02, 0x00, 0xe6, 0x01, 0x00, 0x00, 0xf8, 0x00, 0x02, 0x00, 0xe6, 0x01, 0x00,
    0x00, 0x3d, 0x00, 0x04, 0x00, 0x1d, 0x00, 0x00, 0x00, 0x46, 0x02, 0x00, 0x00, 0xd2, 0x01, 0x00, 0x00, 0xf7, 0x00,
    0x03, 0x00, 0xe8, 0x01, 0x00, 0x00, 0x00, 0x00, 0x00, 0x00, 0xfa, 0x00, 0x04, 0x00, 0x46, 0x02, 0x00, 0x00, 0xe7,
    0x01, 0x00, 0x00, 0xe8, 0x01, 0x00, 0x00, 0xf8, 0x00, 0x02, 0x00, 0xe7, 0x01, 0x00, 0x00, 0xf9, 0x00, 0x02, 0x00,
    0xed, 0x01, 0x00, 0x00, 0xf8, 0x00, 0x02, 0x00, 0xe8, 0x01, 0x00, 0x00, 0xe6, 0x00, 0x09, 0x00, 0x0c, 0x00, 0x00,
    0x00, 0x49, 0x02, 0x00, 0x00, 0x36, 0x02, 0x00, 0x00, 0xe2, 0x00, 0x00, 0x00, 0xac, 0x00, 0x00, 0x00, 0xac, 0x00,
    0x00, 0x00, 0xe7, 0x06, 0x00, 0x00, 0x37, 0x02, 0x00, 0x00, 0xab, 0x00, 0x05, 0x00, 0x1d, 0x00, 0x00, 0x00, 0x4b,
    0x02, 0x00, 0x00, 0x49, 0x02, 0x00, 0x00, 0xa2, 0x00, 0x00, 0x00, 0xf7, 0x00, 0x03, 0x00, 0xeb, 0x01, 0x00, 0x00,
    0x00, 0x00, 0x00, 0x00, 0xfa, 0x00, 0x04, 0x00, 0x4b, 0x02, 0x00, 0x00, 0xe9, 0x01, 0x00, 0x00, 0xea, 0x01, 0x00,
    0x00, 0xf8, 0x00, 0x02, 0x00, 0xea, 0x01, 0x00, 0x00, 0x3e, 0x00, 0x03, 0x00, 0xd4, 0x01, 0x00, 0x00, 0xf7, 0x00,
    0x00, 0x00, 0xf9, 0x00, 0x02, 0x00, 0xeb, 0x01, 0x00, 0x00, 0xf8, 0x00, 0x02, 0x00, 0xe9, 0x01, 0x00, 0x00, 0xab,
    0x00, 0x05, 0x00, 0x1d, 0x00, 0x00, 0x00, 0x4e, 0x02, 0x00, 0x00, 0x49, 0x02, 0x00, 0x00, 0xe7, 0x06, 0x00, 0x00,
    0x3e, 0x00, 0x03, 0x00, 0xd4, 0x01, 0x00, 0x00, 0x4e, 0x02, 0x00, 0x00, 0xf9, 0x00, 0x02, 0x00, 0xeb, 0x01, 0x00,
    0x00, 0xf8, 0x00, 0x02, 0x00, 0xeb, 0x01, 0x00, 0x00, 0x3d, 0x00, 0x04, 0x00, 0x1d, 0x00, 0x00, 0x00, 0x53, 0x02,
    0x00, 0x00, 0xd4, 0x01, 0x00, 0x00, 0xf7, 0x00, 0x03, 0x00, 0xf0, 0x01, 0x00, 0x00, 0x00, 0x00, 0x00, 0x00, 0xfa,
    0x00, 0x04, 0x00, 0x53, 0x02, 0x00, 0x00, 0xec, 0x01, 0x00, 0x00, 0xf0, 0x01, 0x00, 0x00, 0xf8, 0x00, 0x02, 0x00,
    0xec, 0x01, 0x00, 0x00, 0xf9, 0x00, 0x02, 0x00, 0xed, 0x01, 0x00, 0x00, 0xf8, 0x00, 0x02, 0x00, 0xf0, 0x01, 0x00,
    0x00, 0x41, 0x00, 0x05, 0x00, 0x74, 0x01, 0x00, 0x00, 0x5a, 0x02, 0x00, 0x00, 0x2d, 0x02, 0x00, 0x00, 0x6f, 0x00,
    0x00, 0x00, 0xea, 0x00, 0x07, 0x00, 0x09, 0x00, 0x00, 0x00, 0x5b, 0x02, 0x00, 0x00, 0x5a, 0x02, 0x00, 0x00, 0xe2,
    0x00, 0x00, 0x00, 0xac, 0x00, 0x00, 0x00, 0xe2, 0x00, 0x00, 0x00, 0xf9, 0x00, 0x02, 0x00, 0xf1, 0x01, 0x00, 0x00,
    0xf8, 0x00, 0x02, 0x00, 0xf1, 0x01, 0x00, 0x00, 0x41, 0x00, 0x05, 0x00, 0x0d, 0x00, 0x00, 0x00, 0x5d, 0x02, 0x00,
    0x00, 0x35, 0x02, 0x00, 0x00, 0x6f, 0x00, 0x00, 0x00, 0x3e, 0x00, 0x05, 0x00, 0x5d, 0x02, 0x00, 0x00, 0xe8, 0x06,
    0x00, 0x00, 0x02, 0x00, 0x00, 0x00, 0x08, 0x00, 0x00, 0x00, 0xf9, 0x00, 0x02, 0x00, 0xf2, 0x01, 0x00, 0x00, 0xf8,
    0x00, 0x02, 0x00, 0xed, 0x01, 0x00, 0x00, 0xf9, 0x00, 0x02, 0x00, 0xee, 0x01, 0x00, 0x00, 0xf8, 0x00, 0x02, 0x00,
    0xee, 0x01, 0x00, 0x00, 0x80, 0x00, 0x05, 0x00, 0x09, 0x00, 0x00, 0x00, 0x57, 0x02, 0x00, 0x00, 0x32, 0x02, 0x00,
    0x00, 0xe2, 0x00, 0x00, 0x00, 0x3e, 0x00, 0x03, 0x00, 0xd3, 0x01, 0x00, 0x00, 0x57, 0x02, 0x00, 0x00, 0xf9, 0x00,
    0x02, 0x00, 0xef, 0x01, 0x00, 0x00, 0xf8, 0x00, 0x02, 0x00, 0xef, 0x01, 0x00, 0x00, 0xf9, 0x00, 0x02, 0x00, 0xde,
    0x01, 0x00, 0x00, 0xf8, 0x00, 0x02, 0x00, 0xf2, 0x01, 0x00, 0x00, 0xf9, 0x00, 0x02, 0x00, 0xf3, 0x01, 0x00, 0x00,
    0xf8, 0x00, 0x02, 0x00, 0xf3, 0x01, 0x00, 0x00, 0xf9, 0x00, 0x02, 0x00, 0xf4, 0x01, 0x00, 0x00, 0xf8, 0x00, 0x02,
    0x00, 0xf4, 0x01, 0x00, 0x00, 0xf9, 0x00, 0x02, 0x00, 0x24, 0x04, 0x00, 0x00, 0xf8, 0x00, 0x02, 0x00, 0x24, 0x04,
    0x00, 0x00, 0xfd, 0x00, 0x01, 0x00, 0x38, 0x00, 0x01, 0x00, 0x36, 0x00, 0x05, 0x00, 0x01, 0x00, 0x00, 0x00, 0x63,
    0x02, 0x00, 0x00, 0x00, 0x00, 0x00, 0x00, 0x03, 0x00, 0x00, 0x00, 0xf8, 0x00, 0x02, 0x00, 0x64, 0x02, 0x00, 0x00,
    0x3b, 0x00, 0x04, 0x00, 0x20, 0x00, 0x00, 0x00, 0xd1, 0x08, 0x00, 0x00, 0x07, 0x00, 0x00, 0x00, 0x3b, 0x00, 0x04,
    0x00, 0x20, 0x00, 0x00, 0x00, 0xd0, 0x08, 0x00, 0x00, 0x07, 0x00, 0x00, 0x00, 0x3b, 0x00, 0x04, 0x00, 0x20, 0x00,
    0x00, 0x00, 0xcf, 0x08, 0x00, 0x00, 0x07, 0x00, 0x00, 0x00, 0x3b, 0x00, 0x04, 0x00, 0x20, 0x00, 0x00, 0x00, 0xce,
    0x08, 0x00, 0x00, 0x07, 0x00, 0x00, 0x00, 0x3b, 0x00, 0x04, 0x00, 0x20, 0x00, 0x00, 0x00, 0xcd, 0x08, 0x00, 0x00,
    0x07, 0x00, 0x00, 0x00, 0x3b, 0x00, 0x04, 0x00, 0x20, 0x00, 0x00, 0x00, 0xcc, 0x08, 0x00, 0x00, 0x07, 0x00, 0x00,
    0x00, 0x3b, 0x00, 0x04, 0x00, 0x20, 0x00, 0x00, 0x00, 0xcb, 0x08, 0x00, 0x00, 0x07, 0x00, 0x00, 0x00, 0x3b, 0x00,
    0x04, 0x00, 0x20, 0x00, 0x00, 0x00, 0xca, 0x08, 0x00, 0x00, 0x07, 0x00, 0x00, 0x00, 0x3b, 0x00, 0x04, 0x00, 0x20,
    0x00, 0x00, 0x00, 0xb8, 0x08, 0x00, 0x00, 0x07, 0x00, 0x00, 0x00, 0x3b, 0x00, 0x04, 0x00, 0x20, 0x00, 0x00, 0x00,
    0xb7, 0x08, 0x00, 0x00, 0x07, 0x00, 0x00, 0x00, 0x3b, 0x00, 0x04, 0x00, 0x20, 0x00, 0x00, 0x00, 0xb6, 0x08, 0x00,
    0x00, 0x07, 0x00, 0x00, 0x00, 0x3b, 0x00, 0x04, 0x00, 0x20, 0x00, 0x00, 0x00, 0xb5, 0x08, 0x00, 0x00, 0x07, 0x00,
    0x00, 0x00, 0x3b, 0x00, 0x04, 0x00, 0x20, 0x00, 0x00, 0x00, 0xb4, 0x08, 0x00, 0x00, 0x07, 0x00, 0x00, 0x00, 0x3b,
    0x00, 0x04, 0x00, 0x20, 0x00, 0x00, 0x00, 0xb3, 0x08, 0x00, 0x00, 0x07, 0x00, 0x00, 0x00, 0x3b, 0x00, 0x04, 0x00,
    0x20, 0x00, 0x00, 0x00, 0xb2, 0x08, 0x00, 0x00, 0x07, 0x00, 0x00, 0x00, 0x3b, 0x00, 0x04, 0x00, 0x20, 0x00, 0x00,
    0x00, 0xb1, 0x08, 0x00, 0x00, 0x07, 0x00, 0x00, 0x00, 0x3b, 0x00, 0x04, 0x00, 0x20, 0x00, 0x00, 0x00, 0x9f, 0x08,
    0x00, 0x00, 0x07, 0x00, 0x00, 0x00, 0x3b, 0x00, 0x04, 0x00, 0x20, 0x00, 0x00, 0x00, 0x9e, 0x08, 0x00, 0x00, 0x07,
    0x00, 0x00, 0x00, 0x3b, 0x00, 0x04, 0x00, 0x20, 0x00, 0x00, 0x00, 0x9d, 0x08, 0x00, 0x00, 0x07, 0x00, 0x00, 0x00,
    0x3b, 0x00, 0x04, 0x00, 0x20, 0x00, 0x00, 0x00, 0x9c, 0x08, 0x00, 0x00, 0x07, 0x00, 0x00, 0x00, 0x3b, 0x00, 0x04,
    0x00, 0x20, 0x00, 0x00, 0x00, 0x9b, 0x08, 0x00, 0x00, 0x07, 0x00, 0x00, 0x00, 0x3b, 0x00, 0x04, 0x00, 0x20, 0x00,
    0x00, 0x00, 0x9a, 0x08, 0x00, 0x00, 0x07, 0x00, 0x00, 0x00, 0x3b, 0x00, 0x04, 0x00, 0x20, 0x00, 0x00, 0x00, 0x99,
    0x08, 0x00, 0x00, 0x07, 0x00, 0x00, 0x00, 0x3b, 0x00, 0x04, 0x00, 0x20, 0x00, 0x00, 0x00, 0x98, 0x08, 0x00, 0x00,
    0x07, 0x00, 0x00, 0x00, 0x3b, 0x00, 0x04, 0x00, 0x20, 0x00, 0x00, 0x00, 0x86, 0x08, 0x00, 0x00, 0x07, 0x00, 0x00,
    0x00, 0x3b, 0x00, 0x04, 0x00, 0x20, 0x00, 0x00, 0x00, 0x85, 0x08, 0x00, 0x00, 0x07, 0x00, 0x00, 0x00, 0x3b, 0x00,
    0x04, 0x00, 0x20, 0x00, 0x00, 0x00, 0x84, 0x08, 0x00, 0x00, 0x07, 0x00, 0x00, 0x00, 0x3b, 0x00, 0x04, 0x00, 0x20,
    0x00, 0x00, 0x00, 0x83, 0x08, 0x00, 0x00, 0x07, 0x00, 0x00, 0x00, 0x3b, 0x00, 0x04, 0x00, 0x20, 0x00, 0x00, 0x00,
    0x82, 0x08, 0x00, 0x00, 0x07, 0x00, 0x00, 0x00, 0x3b, 0x00, 0x04, 0x00, 0x20, 0x00, 0x00, 0x00, 0x81, 0x08, 0x00,
    0x00, 0x07, 0x00, 0x00, 0x00, 0x3b, 0x00, 0x04, 0x00, 0x20, 0x00, 0x00, 0x00, 0x80, 0x08, 0x00, 0x00, 0x07, 0x00,
    0x00, 0x00, 0x3b, 0x00, 0x04, 0x00, 0x20, 0x00, 0x00, 0x00, 0x7f, 0x08, 0x00, 0x00, 0x07, 0x00, 0x00, 0x00, 0x3b,
    0x00, 0x04, 0x00, 0x20, 0x00, 0x00, 0x00, 0x65, 0x08, 0x00, 0x00, 0x07, 0x00, 0x00, 0x00, 0x3b, 0x00, 0x04, 0x00,
    0x20, 0x00, 0x00, 0x00, 0x64, 0x08, 0x00, 0x00, 0x07, 0x00, 0x00, 0x00, 0x3b, 0x00, 0x04, 0x00, 0x20, 0x00, 0x00,
    0x00, 0x63, 0x08, 0x00, 0x00, 0x07, 0x00, 0x00, 0x00, 0x3b, 0x00, 0x04, 0x00, 0x20, 0x00, 0x00, 0x00, 0x62, 0x08,
    0x00, 0x00, 0x07, 0x00, 0x00, 0x00, 0x3b, 0x00, 0x04, 0x00, 0x20, 0x00, 0x00, 0x00, 0x61, 0x08, 0x00, 0x00, 0x07,
    0x00, 0x00, 0x00, 0x3b, 0x00, 0x04, 0x00, 0x20, 0x00, 0x00, 0x00, 0x60, 0x08, 0x00, 0x00, 0x07, 0x00, 0x00, 0x00,
    0x3b, 0x00, 0x04, 0x00, 0x20, 0x00, 0x00, 0x00, 0x5f, 0x08, 0x00, 0x00, 0x07, 0x00, 0x00, 0x00, 0x3b, 0x00, 0x04,
    0x00, 0x20, 0x00, 0x00, 0x00, 0x5e, 0x08, 0x00, 0x00, 0x07, 0x00, 0x00, 0x00, 0x3b, 0x00, 0x04, 0x00, 0xa3, 0x02,
    0x00, 0x00, 0x38, 0x08, 0x00, 0x00, 0x07, 0x00, 0x00, 0x00, 0x3b, 0x00, 0x04, 0x00, 0x20, 0x00, 0x00, 0x00, 0x16,
    0x08, 0x00, 0x00, 0x07, 0x00, 0x00, 0x00, 0x3b, 0x00, 0x04, 0x00, 0x20, 0x00, 0x00, 0x00, 0x15, 0x08, 0x00, 0x00,
    0x07, 0x00, 0x00, 0x00, 0x3b, 0x00, 0x04, 0x00, 0x20, 0x00, 0x00, 0x00, 0x14, 0x08, 0x00, 0x00, 0x07, 0x00, 0x00,
    0x00, 0x3b, 0x00, 0x04, 0x00, 0x20, 0x00, 0x00, 0x00, 0x13, 0x08, 0x00, 0x00, 0x07, 0x00, 0x00, 0x00, 0x3b, 0x00,
    0x04, 0x00, 0x20, 0x00, 0x00, 0x00, 0x12, 0x08, 0x00, 0x00, 0x07, 0x00, 0x00, 0x00, 0x3b, 0x00, 0x04, 0x00, 0x20,
    0x00, 0x00, 0x00, 0x11, 0x08, 0x00, 0x00, 0x07, 0x00, 0x00, 0x00, 0x3b, 0x00, 0x04, 0x00, 0x20, 0x00, 0x00, 0x00,
    0x10, 0x08, 0x00, 0x00, 0x07, 0x00, 0x00, 0x00, 0x3b, 0x00, 0x04, 0x00, 0x20, 0x00, 0x00, 0x00, 0x0f, 0x08, 0x00,
    0x00, 0x07, 0x00, 0x00, 0x00, 0x3b, 0x00, 0x04, 0x00, 0xa3, 0x02, 0x00, 0x00, 0x62, 0x07, 0x00, 0x00, 0x07, 0x00,
    0x00, 0x00, 0x3b, 0x00, 0x04, 0x00, 0xa3, 0x02, 0x00, 0x00, 0x60, 0x07, 0x00, 0x00, 0x07, 0x00, 0x00, 0x00, 0x3b,
    0x00, 0x04, 0x00, 0x20, 0x00, 0x00, 0x00, 0x5b, 0x07, 0x00, 0x00, 0x07, 0x00, 0x00, 0x00, 0x3b, 0x00, 0x04, 0x00,
    0x63, 0x03, 0x00, 0x00, 0x5a, 0x07, 0x00, 0x00, 0x07, 0x00, 0x00, 0x00, 0x3b, 0x00, 0x04, 0x00, 0xa3, 0x02, 0x00,
    0x00, 0x48, 0x07, 0x00, 0x00, 0x07, 0x00, 0x00, 0x00, 0x3b, 0x00, 0x04, 0x00, 0xa3, 0x02, 0x00, 0x00, 0x46, 0x07,
    0x00, 0x00, 0x07, 0x00, 0x00, 0x00, 0x3b, 0x00, 0x04, 0x00, 0xa3, 0x02, 0x00, 0x00, 0x44, 0x07, 0x00, 0x00, 0x07,
    0x00, 0x00, 0x00, 0x3b, 0x00, 0x05, 0x00, 0x1e, 0x00, 0x00, 0x00, 0x90, 0x06, 0x00, 0x00, 0x07, 0x00, 0x00, 0x00,
    0xf7, 0x00, 0x00, 0x00, 0x3b, 0x00, 0x04, 0x00, 0x1e, 0x00, 0x00, 0x00, 0x91, 0x06, 0x00, 0x00, 0x07, 0x00, 0x00,
    0x00, 0x3b, 0x00, 0x04, 0x00, 0x20, 0x00, 0x00, 0x00, 0x92, 0x06, 0x00, 0x00, 0x07, 0x00, 0x00, 0x00, 0x3b, 0x00,
    0x05, 0x00, 0x1e, 0x00, 0x00, 0x00, 0x5d, 0x06, 0x00, 0x00, 0x07, 0x00, 0x00, 0x00, 0xf7, 0x00, 0x00, 0x00, 0x3b,
    0x00, 0x04, 0x00, 0x1e, 0x00, 0x00, 0x00, 0x5e, 0x06, 0x00, 0x00, 0x07, 0x00, 0x00, 0x00, 0x3b, 0x00, 0x04, 0x00,
    0x20, 0x00, 0x00, 0x00, 0x60, 0x06, 0x00, 0x00, 0x07, 0x00, 0x00, 0x00, 0x3b, 0x00, 0x04, 0x00, 0xa3, 0x02, 0x00,
    0x00, 0x61, 0x06, 0x00, 0x00, 0x07, 0x00, 0x00, 0x00, 0x3b, 0x00, 0x05, 0x00, 0x1e, 0x00, 0x00, 0x00, 0x33, 0x06,
    0x00, 0x00, 0x07, 0x00, 0x00, 0x00, 0xf7, 0x00, 0x00, 0x00, 0x3b, 0x00, 0x04, 0x00, 0x1e, 0x00, 0x00, 0x00, 0x34,
    0x06, 0x00, 0x00, 0x07, 0x00, 0x00, 0x00, 0x3b, 0x00, 0x04, 0x00, 0x20, 0x00, 0x00, 0x00, 0x36, 0x06, 0x00, 0x00,
    0x07, 0x00, 0x00, 0x00, 0x3b, 0x00, 0x04, 0x00, 0xa3, 0x02, 0x00, 0x00, 0x37, 0x06, 0x00, 0x00, 0x07, 0x00, 0x00,
    0x00, 0x3b, 0x00, 0x05, 0x00, 0x1e, 0x00, 0x00, 0x00, 0x0a, 0x06, 0x00, 0x00, 0x07, 0x00, 0x00, 0x00, 0xf7, 0x00,
    0x00, 0x00, 0x3b, 0x00, 0x04, 0x00, 0x1e, 0x00, 0x00, 0x00, 0x0b, 0x06, 0x00, 0x00, 0x07, 0x00, 0x00, 0x00, 0x3b,
    0x00, 0x04, 0x00, 0x20, 0x00, 0x00, 0x00, 0x0d, 0x06, 0x00, 0x00, 0x07, 0x00, 0x00, 0x00, 0x3b, 0x00, 0x04, 0x00,
    0xa3, 0x02, 0x00, 0x00, 0x0e, 0x06, 0x00, 0x00, 0x07, 0x00, 0x00, 0x00, 0x3b, 0x00, 0x04, 0x00, 0x20, 0x00, 0x00,
    0x00, 0xdf, 0x05, 0x00, 0x00, 0x07, 0x00, 0x00, 0x00, 0x3b, 0x00, 0x04, 0x00, 0x20, 0x00, 0x00, 0x00, 0xe0, 0x05,
    0x00, 0x00, 0x07, 0x00, 0x00, 0x00, 0x3b, 0x00, 0x05, 0x00, 0x1e, 0x00, 0x00, 0x00, 0xb6, 0x05, 0x00, 0x00, 0x07,
    0x00, 0x00, 0x00, 0xf7, 0x00, 0x00, 0x00, 0x3b, 0x00, 0x04, 0x00, 0x1e, 0x00, 0x00, 0x00, 0xb7, 0x05, 0x00, 0x00,
    0x07, 0x00, 0x00, 0x00, 0x3b, 0x00, 0x04, 0x00, 0x20, 0x00, 0x00, 0x00, 0xb9, 0x05, 0x00, 0x00, 0x07, 0x00, 0x00,
    0x00, 0x3b, 0x00, 0x04, 0x00, 0xa3, 0x02, 0x00, 0x00, 0xba, 0x05, 0x00, 0x00, 0x07, 0x00, 0x00, 0x00, 0x3b, 0x00,
    0x05, 0x00, 0x1e, 0x00, 0x00, 0x00, 0x59, 0x05, 0x00, 0x00, 0x07, 0x00, 0x00, 0x00, 0xf7, 0x00, 0x00, 0x00, 0x3b,
    0x00, 0x04, 0x00, 0x1e, 0x00, 0x00, 0x00, 0x5d, 0x05, 0x00, 0x00, 0x07, 0x00, 0x00, 0x00, 0x3b, 0x00, 0x04, 0x00,
    0x20, 0x00, 0x00, 0x00, 0x5e, 0x05, 0x00, 0x00, 0x07, 0x00, 0x00, 0x00, 0xf7, 0x00, 0x03, 0x00, 0x27, 0x04, 0x00,
    0x00, 0x00, 0x00, 0x00, 0x00, 0xfb, 0x00, 0x03, 0x00, 0xac, 0x00, 0x00, 0x00, 0x28, 0x04, 0x00, 0x00, 0xf8, 0x00,
    0x02, 0x00, 0x28, 0x04, 0x00, 0x00, 0x3d, 0x00, 0x04, 0x00, 0x4b, 0x00, 0x00, 0x00, 0x83, 0x02, 0x00, 0x00, 0x4e,
    0x00, 0x00, 0x00, 0x51, 0x00, 0x05, 0x00, 0x09, 0x00, 0x00, 0x00, 0x84, 0x02, 0x00, 0x00, 0x83, 0x02, 0x00, 0x00,
    0x00, 0x00, 0x00, 0x00, 0x41, 0x00, 0x05, 0x00, 0x8a, 0x02, 0x00, 0x00, 0x8b, 0x02, 0x00, 0x00, 0x89, 0x02, 0x00,
    0x00, 0x56, 0x00, 0x00, 0x00, 0x3d, 0x00, 0x04, 0x00, 0x86, 0x02, 0x00, 0x00, 0x8c, 0x02, 0x00, 0x00, 0x8b, 0x02,
    0x00, 0x00, 0x90, 0x01, 0x04, 0x00, 0x65, 0x02, 0x00, 0x00, 0x8d, 0x02, 0x00, 0x00, 0x8c, 0x02, 0x00, 0x00, 0x51,
    0x00, 0x05, 0x00, 0x09, 0x00, 0x00, 0x00, 0x53, 0x07, 0x00, 0x00, 0x8d, 0x02, 0x00, 0x00, 0x03, 0x00, 0x00, 0x00,
    0xae, 0x00, 0x05, 0x00, 0x1d, 0x00, 0x00, 0x00, 0x91, 0x02, 0x00, 0x00, 0x84, 0x02, 0x00, 0x00, 0x53, 0x07, 0x00,
    0x00, 0xf7, 0x00, 0x03, 0x00, 0x7f, 0x02, 0x00, 0x00, 0x00, 0x00, 0x00, 0x00, 0xfa, 0x00, 0x04, 0x00, 0x91, 0x02,
    0x00, 0x00, 0x7e, 0x02, 0x00, 0x00, 0x7f, 0x02, 0x00, 0x00, 0xf8, 0x00, 0x02, 0x00, 0x7e, 0x02, 0x00, 0x00, 0xf9,
    0x00, 0x02, 0x00, 0x27, 0x04, 0x00, 0x00, 0xf8, 0x00, 0x02, 0x00, 0x7f, 0x02, 0x00, 0x00, 0x3d, 0x00, 0x04, 0x00,
    0x86, 0x02, 0x00, 0x00, 0x94, 0x02, 0x00, 0x00, 0x8b, 0x02, 0x00, 0x00, 0x90, 0x01, 0x04, 0x00, 0x65, 0x02, 0x00,
    0x00, 0x95, 0x02, 0x00, 0x00, 0x94, 0x02, 0x00, 0x00, 0x51, 0x00, 0x05, 0x00, 0x6b, 0x02, 0x00, 0x00, 0x55, 0x07,
    0x00, 0x00, 0x95, 0x02, 0x00, 0x00, 0x01, 0x00, 0x00, 0x00, 0x43, 0x00, 0x05, 0x00, 0x6b, 0x02, 0x00, 0x00, 0x9a,
    0x02, 0x00, 0x00, 0x55, 0x07, 0x00, 0x00, 0x84, 0x02, 0x00, 0x00, 0x3d, 0x00, 0x06, 0x00, 0x6a, 0x02, 0x00, 0x00,
    0x9b, 0x02, 0x00, 0x00, 0x9a, 0x02, 0x00, 0x00, 0x02, 0x00, 0x00, 0x00, 0x08, 0x00, 0x00, 0x00, 0x3d, 0x00, 0x06,
    0x00, 0x69, 0x02, 0x00, 0x00, 0x9e, 0x02, 0x00, 0x00, 0x9b, 0x02, 0x00, 0x00, 0x02, 0x00, 0x00, 0x00, 0x04, 0x00,
    0x00, 0x00, 0x90, 0x01, 0x04, 0x00, 0x6f, 0x02, 0x00, 0x00, 0x9f, 0x02, 0x00, 0x00, 0x9e, 0x02, 0x00, 0x00, 0x51,
    0x00, 0x05, 0x00, 0x70, 0x02, 0x00, 0x00, 0x57, 0x07, 0x00, 0x00, 0x9f, 0x02, 0x00, 0x00, 0x00, 0x00, 0x00, 0x00,
    0x51, 0x00, 0x05, 0x00, 0x71, 0x02, 0x00, 0x00, 0x56, 0x08, 0x00, 0x00, 0x57, 0x07, 0x00, 0x00, 0x00, 0x00, 0x00,
    0x00, 0x51, 0x00, 0x05, 0x00, 0x09, 0x00, 0x00, 0x00, 0xfb, 0x08, 0x00, 0x00, 0x56, 0x08, 0x00, 0x00, 0x00, 0x00,
    0x00, 0x00, 0x51, 0x00, 0x05, 0x00, 0x09, 0x00, 0x00, 0x00, 0xfc, 0x08, 0x00, 0x00, 0x56, 0x08, 0x00, 0x00, 0x01,
    0x00, 0x00, 0x00, 0x51, 0x00, 0x05, 0x00, 0x09, 0x00, 0x00, 0x00, 0xfd, 0x08, 0x00, 0x00, 0x56, 0x08, 0x00, 0x00,
    0x02, 0x00, 0x00, 0x00, 0x51, 0x00, 0x05, 0x00, 0x09, 0x00, 0x00, 0x00, 0xfe, 0x08, 0x00, 0x00, 0x56, 0x08, 0x00,
    0x00, 0x03, 0x00, 0x00, 0x00, 0x51, 0x00, 0x05, 0x00, 0x09, 0x00, 0x00, 0x00, 0xff, 0x08, 0x00, 0x00, 0x56, 0x08,
    0x00, 0x00, 0x04, 0x00, 0x00, 0x00, 0x51, 0x00, 0x05, 0x00, 0x09, 0x00, 0x00, 0x00, 0x00, 0x09, 0x00, 0x00, 0x56,
    0x08, 0x00, 0x00, 0x05, 0x00, 0x00, 0x00, 0x51, 0x00, 0x05, 0x00, 0x09, 0x00, 0x00, 0x00, 0x01, 0x09, 0x00, 0x00,
    0x56, 0x08, 0x00, 0x00, 0x06, 0x00, 0x00, 0x00, 0x51, 0x00, 0x05, 0x00, 0x09, 0x00, 0x00, 0x00, 0x02, 0x09, 0x00,
    0x00, 0x56, 0x08, 0x00, 0x00, 0x07, 0x00, 0x00, 0x00, 0x3d, 0x00, 0x04, 0x00, 0x86, 0x02, 0x00, 0x00, 0xba, 0x02,
    0x00, 0x00, 0x8b, 0x02, 0x00, 0x00, 0x90, 0x01, 0x04, 0x00, 0x65, 0x02, 0x00, 0x00, 0xbb, 0x02, 0x00, 0x00, 0xba,
    0x02, 0x00, 0x00, 0x51, 0x00, 0x05, 0x00, 0x66, 0x02, 0x00, 0x00, 0x59, 0x07, 0x00, 0x00, 0xbb, 0x02, 0x00, 0x00,
    0x00, 0x00, 0x00, 0x00, 0x51, 0x00, 0x05, 0x00, 0x68, 0x02, 0x00, 0x00, 0x5c, 0x08, 0x00, 0x00, 0x59, 0x07, 0x00,
    0x00, 0x00, 0x00, 0x00, 0x00, 0x51, 0x00, 0x05, 0x00, 0x09, 0x00, 0x00, 0x00, 0x5d, 0x08, 0x00, 0x00, 0x59, 0x07,
    0x00, 0x00, 0x02, 0x00, 0x00, 0x00, 0x3e, 0x00, 0x03, 0x00, 0x5a, 0x07, 0x00, 0x00, 0x5c, 0x08, 0x00, 0x00, 0x3e,
    0x00, 0x03, 0x00, 0x5b, 0x07, 0x00, 0x00, 0x5d, 0x08, 0x00, 0x00, 0x3e, 0x00, 0x03, 0x00, 0x59, 0x05, 0x00, 0x00,
    0xf7, 0x00, 0x00, 0x00, 0xf7, 0x00, 0x03, 0x00, 0xaa, 0x05, 0x00, 0x00, 0x00, 0x00, 0x00, 0x00, 0xfb, 0x00, 0x03,
    0x00, 0xac, 0x00, 0x00, 0x00, 0x64, 0x05, 0x00, 0x00, 0xf8, 0x00, 0x02, 0x00, 0x64, 0x05, 0x00, 0x00, 0x3d, 0x00,
    0x06, 0x00, 0x69, 0x02, 0x00, 0x00, 0x65, 0x05, 0x00, 0x00, 0x9b, 0x02, 0x00, 0x00, 0x02, 0x00, 0x00, 0x00, 0x04,
    0x00, 0x00, 0x00, 0x90, 0x01, 0x04, 0x00, 0x6f, 0x02, 0x00, 0x00, 0x66, 0x05, 0x00, 0x00, 0x65, 0x05, 0x00, 0x00,
    0x51, 0x00, 0x05, 0x00, 0x70, 0x02, 0x00, 0x00, 0x43, 0x07, 0x00, 0x00, 0x66, 0x05, 0x00, 0x00, 0x00, 0x00, 0x00,
    0x00, 0x51, 0x00, 0x05, 0x00, 0x71, 0x02, 0x00, 0x00, 0x39, 0x08, 0x00, 0x00, 0x43, 0x07, 0x00, 0x00, 0x00, 0x00,
    0x00, 0x00, 0x3e, 0x00, 0x03, 0x00, 0x38, 0x08, 0x00, 0x00, 0x39, 0x08, 0x00, 0x00, 0x50, 0x00, 0x0b, 0x00, 0x71,
    0x02, 0x00, 0x00, 0x0e, 0x08, 0x00, 0x00, 0xac, 0x00, 0x00, 0x00, 0xac, 0x00, 0x00, 0x00, 0xac, 0x00, 0x00, 0x00,
    0xac, 0x00, 0x00, 0x00, 0xac, 0x00, 0x00, 0x00, 0xac, 0x00, 0x00, 0x00, 0xac, 0x00, 0x00, 0x00, 0xac, 0x00, 0x00,
    0x00, 0x3e, 0x00, 0x03, 0x00, 0x44, 0x07, 0x00, 0x00, 0x0e, 0x08, 0x00, 0x00, 0x3e, 0x00, 0x03, 0x00, 0xb6, 0x05,
    0x00, 0x00, 0xf7, 0x00, 0x00, 0x00, 0xf7, 0x00, 0x03, 0x00, 0xdd, 0x05, 0x00, 0x00, 0x00, 0x00, 0x00, 0x00, 0xfb,
    0x00, 0x03, 0x00, 0xac, 0x00, 0x00, 0x00, 0xbd, 0x05, 0x00, 0x00, 0xf8, 0x00, 0x02, 0x00, 0xbd, 0x05, 0x00, 0x00,
    0x3d, 0x00, 0x06, 0x00, 0x69, 0x02, 0x00, 0x00, 0xbe, 0x05, 0x00, 0x00, 0x9b, 0x02, 0x00, 0x00, 0x02, 0x00, 0x00,
    0x00, 0x04, 0x00, 0x00, 0x00, 0x90, 0x01, 0x04, 0x00, 0x6f, 0x02, 0x00, 0x00, 0xbf, 0x05, 0x00, 0x00, 0xbe, 0x05,
    0x00, 0x00, 0x51, 0x00, 0x05, 0x00, 0x70, 0x02, 0x00, 0x00, 0x17, 0x07, 0x00, 0x00, 0xbf, 0x05, 0x00, 0x00, 0x00,
    0x00, 0x00, 0x00, 0x51, 0x00, 0x05, 0x00, 0x71, 0x02, 0x00, 0x00, 0xc3, 0x07, 0x00, 0x00, 0x17, 0x07, 0x00, 0x00,
    0x00, 0x00, 0x00, 0x00, 0x51, 0x00, 0x05, 0x00, 0x09, 0x00, 0x00, 0x00, 0xdb, 0x08, 0x00, 0x00, 0xc3, 0x07, 0x00,
    0x00, 0x00, 0x00, 0x00, 0x00, 0x3e, 0x00, 0x03, 0x00, 0xca, 0x08, 0x00, 0x00, 0xdb, 0x08, 0x00, 0x00, 0x51, 0x00,
    0x05, 0x00, 0x09, 0x00, 0x00, 0x00, 0xdc, 0x08, 0x00, 0x00, 0xc3, 0x07, 0x00, 0x00, 0x01, 0x00, 0x00, 0x00, 0x3e,
    0x00, 0x03, 0x00, 0xcb, 0x08, 0x00, 0x00, 0xdc, 0x08, 0x00, 0x00, 0x51, 0x00, 0x05, 0x00, 0x09, 0x00, 0x00, 0x00,
    0xdd, 0x08, 0x00, 0x00, 0xc3, 0x07, 0x00, 0x00, 0x02, 0x00, 0x00, 0x00, 0x3e, 0x00, 0x03, 0x00, 0xcc, 0x08, 0x00,
    0x00, 0xdd, 0x08, 0x00, 0x00, 0x51, 0x00, 0x05, 0x00, 0x09, 0x00, 0x00, 0x00, 0xde, 0x08, 0x00, 0x00, 0xc3, 0x07,
    0x00, 0x00, 0x03, 0x00, 0x00, 0x00, 0x3e, 0x00, 0x03, 0x00, 0xcd, 0x08, 0x00, 0x00, 0xde, 0x08, 0x00, 0x00, 0x51,
    0x00, 0x05, 0x00, 0x09, 0x00, 0x00, 0x00, 0xdf, 0x08, 0x00, 0x00, 0xc3, 0x07, 0x00, 0x00, 0x04, 0x00, 0x00, 0x00,
    0x3e, 0x00, 0x03, 0x00, 0xce, 0x08, 0x00, 0x00, 0xdf, 0x08, 0x00, 0x00, 0x51, 0x00, 0x05, 0x00, 0x09, 0x00, 0x00,
    0x00, 0xe0, 0x08, 0x00, 0x00, 0xc3, 0x07, 0x00, 0x00, 0x05, 0x00, 0x00, 0x00, 0x3e, 0x00, 0x03, 0x00, 0xcf, 0x08,
    0x00, 0x00, 0xe0, 0x08, 0x00, 0x00, 0x51, 0x00, 0x05, 0x00, 0x09, 0x00, 0x00, 0x00, 0xe1, 0x08, 0x00, 0x00, 0xc3,
    0x07, 0x00, 0x00, 0x06, 0x00, 0x00, 0x00, 0x3e, 0x00, 0x03, 0x00, 0xd0, 0x08, 0x00, 0x00, 0xe1, 0x08, 0x00, 0x00,
    0x51, 0x00, 0x05, 0x00, 0x09, 0x00, 0x00, 0x00, 0xe2, 0x08, 0x00, 0x00, 0xc3, 0x07, 0x00, 0x00, 0x07, 0x00, 0x00,
    0x00, 0x3e, 0x00, 0x03, 0x00, 0xd1, 0x08, 0x00, 0x00, 0xe2, 0x08, 0x00, 0x00, 0x3e, 0x00, 0x03, 0x00, 0xb9, 0x05,
    0x00, 0x00, 0xac, 0x00, 0x00, 0x00, 0xf9, 0x00, 0x02, 0x00, 0xc0, 0x05, 0x00, 0x00, 0xf8, 0x00, 0x02, 0x00, 0xc0,
    0x05, 0x00, 0x00, 0xf6, 0x00, 0x04, 0x00, 0xda, 0x05, 0x00, 0x00, 0xd9, 0x05, 0x00, 0x00, 0x00, 0x00, 0x00, 0x00,
    0xf9, 0x00, 0x02, 0x00, 0xc1, 0x05, 0x00, 0x00, 0xf8, 0x00, 0x02, 0x00, 0xc1, 0x05, 0x00, 0x00, 0xf9, 0x00, 0x02,
    0x00, 0xc2, 0x05, 0x00, 0x00, 0xf8, 0x00, 0x02, 0x00, 0xc2, 0x05, 0x00, 0x00, 0xf9, 0x00, 0x02, 0x00, 0xc3, 0x05,
    0x00, 0x00, 0xf8, 0x00, 0x02, 0x00, 0xc3, 0x05, 0x00, 0x00, 0x3d, 0x00, 0x04, 0x00, 0x09, 0x00, 0x00, 0x00, 0xc4,
    0x05, 0x00, 0x00, 0xb9, 0x05, 0x00, 0x00, 0xb0, 0x00, 0x05, 0x00, 0x1d, 0x00, 0x00, 0x00, 0xc5, 0x05, 0x00, 0x00,
    0xc4, 0x05, 0x00, 0x00, 0x12, 0x03, 0x00, 0x00, 0xf7, 0x00, 0x03, 0x00, 0xc7, 0x05, 0x00, 0x00, 0x00, 0x00, 0x00,
    0x00, 0xfa, 0x00, 0x04, 0x00, 0xc5, 0x05, 0x00, 0x00, 0xc7, 0x05, 0x00, 0x00, 0xc6, 0x05, 0x00, 0x00, 0xf8, 0x00,
    0x02, 0x00, 0xc6, 0x05, 0x00, 0x00, 0xf9, 0x00, 0x02, 0x00, 0xda, 0x05, 0x00, 0x00, 0xf8, 0x00, 0x02, 0x00, 0xc7,
    0x05, 0x00, 0x00, 0x3d, 0x00, 0x04, 0x00, 0x09, 0x00, 0x00, 0x00, 0xd9, 0x08, 0x00, 0x00, 0xd1, 0x08, 0x00, 0x00,
    0x3d, 0x00, 0x04, 0x00, 0x09, 0x00, 0x00, 0x00, 0xd8, 0x08, 0x00, 0x00, 0xd0, 0x08, 0x00, 0x00, 0x3d, 0x00, 0x04,
    0x00, 0x09, 0x00, 0x00, 0x00, 0xd7, 0x08, 0x00, 0x00, 0xcf, 0x08, 0x00, 0x00, 0x3d, 0x00, 0x04, 0x00, 0x09, 0x00,
    0x00, 0x00, 0xd6, 0x08, 0x00, 0x00, 0xce, 0x08, 0x00, 0x00, 0x3d, 0x00, 0x04, 0x00, 0x09, 0x00, 0x00, 0x00, 0xd5,
    0x08, 0x00, 0x00, 0xcd, 0x08, 0x00, 0x00, 0x3d, 0x00, 0x04, 0x00, 0x09, 0x00, 0x00, 0x00, 0xd4, 0x08, 0x00, 0x00,
    0xcc, 0x08, 0x00, 0x00, 0x3d, 0x00, 0x04, 0x00, 0x09, 0x00, 0x00, 0x00, 0xd3, 0x08, 0x00, 0x00, 0xcb, 0x08, 0x00,
    0x00, 0x3d, 0x00, 0x04, 0x00, 0x09, 0x00, 0x00, 0x00, 0xd2, 0x08, 0x00, 0x00, 0xca, 0x08, 0x00, 0x00, 0x50, 0x00,
    0x0b, 0x00, 0x71, 0x02, 0x00, 0x00, 0xda, 0x08, 0x00, 0x00, 0xd2, 0x08, 0x00, 0x00, 0xd3, 0x08, 0x00, 0x00, 0xd4,
    0x08, 0x00, 0x00, 0xd5, 0x08, 0x00, 0x00, 0xd6, 0x08, 0x00, 0x00, 0xd7, 0x08, 0x00, 0x00, 0xd8, 0x08, 0x00, 0x00,
    0xd9, 0x08, 0x00, 0x00, 0x3e, 0x00, 0x03, 0x00, 0xba, 0x05, 0x00, 0x00, 0xda, 0x08, 0x00, 0x00, 0x3d, 0x00, 0x04,
    0x00, 0x09, 0x00, 0x00, 0x00, 0xcb, 0x05, 0x00, 0x00, 0xb9, 0x05, 0x00, 0x00, 0x41, 0x00, 0x05, 0x00, 0x20, 0x00,
    0x00, 0x00, 0xcc, 0x05, 0x00, 0x00, 0xba, 0x05, 0x00, 0x00, 0xcb, 0x05, 0x00, 0x00, 0x3d, 0x00, 0x04, 0x00, 0x09,
    0x00, 0x00, 0x00, 0xcd, 0x05, 0x00, 0x00, 0xcc, 0x05, 0x00, 0x00, 0x41, 0x00, 0x05, 0x00, 0x20, 0x00, 0x00, 0x00,
    0xd0, 0x05, 0x00, 0x00, 0x44, 0x07, 0x00, 0x00, 0xcb, 0x05, 0x00, 0x00, 0x3d, 0x00, 0x04, 0x00, 0x09, 0x00, 0x00,
    0x00, 0xd1, 0x05, 0x00, 0x00, 0xd0, 0x05, 0x00, 0x00, 0xab, 0x00, 0x05, 0x00, 0x1d, 0x00, 0x00, 0x00, 0xd2, 0x05,
    0x00, 0x00, 0xcd, 0x05, 0x00, 0x00, 0xd1, 0x05, 0x00, 0x00, 0xf7, 0x00, 0x03, 0x00, 0xd4, 0x05, 0x00, 0x00, 0x00,
    0x00, 0x00, 0x00, 0xfa, 0x00, 0x04, 0x00, 0xd2, 0x05, 0x00, 0x00, 0xd3, 0x05, 0x00, 0x00, 0xd4, 0x05, 0x00, 0x00,
    0xf8, 0x00, 0x02, 0x00, 0xd3, 0x05, 0x00, 0x00, 0x3e, 0x00, 0x03, 0x00, 0xb6, 0x05, 0x00, 0x00, 0xa6, 0x00, 0x00,
    0x00, 0x3e, 0x00, 0x03, 0x00, 0xb7, 0x05, 0x00, 0x00, 0xf7, 0x00, 0x00, 0x00, 0xf9, 0x00, 0x02, 0x00, 0xda, 0x05,
    0x00, 0x00, 0xf8, 0x00, 0x02, 0x00, 0xd4, 0x05, 0x00, 0x00, 0xf9, 0x00, 0x02, 0x00, 0xd5, 0x05, 0x00, 0x00, 0xf8,
    0x00, 0x02, 0x00, 0xd5, 0x05, 0x00, 0x00, 0xf9, 0x00, 0x02, 0x00, 0xd6, 0x05, 0x00, 0x00, 0xf8, 0x00, 0x02, 0x00,
    0xd6, 0x05, 0x00, 0x00, 0x3d, 0x00, 0x04, 0x00, 0x09, 0x00, 0x00, 0x00, 0xd7, 0x05, 0x00, 0x00, 0xb9, 0x05, 0x00,
    0x00, 0x80, 0x00, 0x05, 0x00, 0x09, 0x00, 0x00, 0x00, 0xd8, 0x05, 0x00, 0x00, 0xd7, 0x05, 0x00, 0x00, 0xe2, 0x00,
    0x00, 0x00, 0x3e, 0x00, 0x03, 0x00, 0xb9, 0x05, 0x00, 0x00, 0xd8, 0x05, 0x00, 0x00, 0xf9, 0x00, 0x02, 0x00, 0xd9,
    0x05, 0x00, 0x00, 0xf8, 0x00, 0x02, 0x00, 0xd9, 0x05, 0x00, 0x00, 0xf9, 0x00, 0x02, 0x00, 0xc0, 0x05, 0x00, 0x00,
    0xf8, 0x00, 0x02, 0x00, 0xda, 0x05, 0x00, 0x00, 0x3d, 0x00, 0x04, 0x00, 0x1d, 0x00, 0x00, 0x00, 0xdb, 0x05, 0x00,
    0x00, 0xb6, 0x05, 0x00, 0x00, 0xf7, 0x00, 0x03, 0x00, 0xdc, 0x05, 0x00, 0x00, 0x00, 0x00, 0x00, 0x00, 0xfa, 0x00,
    0x04, 0x00, 0xdb, 0x05, 0x00, 0x00, 0xdd, 0x05, 0x00, 0x00, 0xdc, 0x05, 0x00, 0x00, 0xf8, 0x00, 0x02, 0x00, 0xdc,
    0x05, 0x00, 0x00, 0x3e, 0x00, 0x03, 0x00, 0xb6, 0x05, 0x00, 0x00, 0xa6, 0x00, 0x00, 0x00, 0x3e, 0x00, 0x03, 0x00,
    0xb7, 0x05, 0x00, 0x00, 0xa6, 0x00, 0x00, 0x00, 0xf9, 0x00, 0x02, 0x00, 0xdd, 0x05, 0x00, 0x00, 0xf8, 0x00, 0x02,
    0x00, 0xdd, 0x05, 0x00, 0x00, 0x3d, 0x00, 0x04, 0x00, 0x1d, 0x00, 0x00, 0x00, 0xde, 0x05, 0x00, 0x00, 0xb7, 0x05,
    0x00, 0x00, 0xf7, 0x00, 0x03, 0x00, 0x6e, 0x05, 0x00, 0x00, 0x00, 0x00, 0x00, 0x00, 0xfa, 0x00, 0x04, 0x00, 0xde,
    0x05, 0x00, 0x00, 0x6d, 0x05, 0x00, 0x00, 0x69, 0x05, 0x00, 0x00, 0xf8, 0x00, 0x02, 0x00, 0x69, 0x05, 0x00, 0x00,
    0x3d, 0x00, 0x04, 0x00, 0x09, 0x00, 0x00, 0x00, 0x6b, 0x05, 0x00, 0x00, 0x5b, 0x07, 0x00, 0x00, 0xaa, 0x00, 0x05,
    0x00, 0x1d, 0x00, 0x00, 0x00, 0x6c, 0x05, 0x00, 0x00, 0x6b, 0x05, 0x00, 0x00, 0xac, 0x00, 0x00, 0x00, 0x3e, 0x00,
    0x03, 0x00, 0x5d, 0x05, 0x00, 0x00, 0x6c, 0x05, 0x00, 0x00, 0xf9, 0x00, 0x02, 0x00, 0x6e, 0x05, 0x00, 0x00, 0xf8,
    0x00, 0x02, 0x00, 0x6d, 0x05, 0x00, 0x00, 0x3e, 0x00, 0x03, 0x00, 0x5d, 0x05, 0x00, 0x00, 0xa6, 0x00, 0x00, 0x00,
    0xf9, 0x00, 0x02, 0x00, 0x6e, 0x05, 0x00, 0x00, 0xf8, 0x00, 0x02, 0x00, 0x6e, 0x05, 0x00, 0x00, 0x3d, 0x00, 0x04,
    0x00, 0x1d, 0x00, 0x00, 0x00, 0x6f, 0x05, 0x00, 0x00, 0x5d, 0x05, 0x00, 0x00, 0xf7, 0x00, 0x03, 0x00, 0x71, 0x05,
    0x00, 0x00, 0x00, 0x00, 0x00, 0x00, 0xfa, 0x00, 0x04, 0x00, 0x6f, 0x05, 0x00, 0x00, 0x70, 0x05, 0x00, 0x00, 0x71,
    0x05, 0x00, 0x00, 0xf8, 0x00, 0x02, 0x00, 0x70, 0x05, 0x00, 0x00, 0x3e, 0x00, 0x03, 0x00, 0x59, 0x05, 0x00, 0x00,
    0xa6, 0x00, 0x00, 0x00, 0x3e, 0x00, 0x03, 0x00, 0x0f, 0x08, 0x00, 0x00, 0xac, 0x00, 0x00, 0x00, 0x3e, 0x00, 0x03,
    0x00, 0x10, 0x08, 0x00, 0x00, 0xac, 0x00, 0x00, 0x00, 0x3e, 0x00, 0x03, 0x00, 0x11, 0x08, 0x00, 0x00, 0xac, 0x00,
    0x00, 0x00, 0x3e, 0x00, 0x03, 0x00, 0x12, 0x08, 0x00, 0x00, 0xac, 0x00, 0x00, 0x00, 0x3e, 0x00, 0x03, 0x00, 0x13,
    0x08, 0x00, 0x00, 0xac, 0x00, 0x00, 0x00, 0x3e, 0x00, 0x03, 0x00, 0x14, 0x08, 0x00, 0x00, 0xac, 0x00, 0x00, 0x00,
    0x3e, 0x00, 0x03, 0x00, 0x15, 0x08, 0x00, 0x00, 0xac, 0x00, 0x00, 0x00, 0x3e, 0x00, 0x03, 0x00, 0x16, 0x08, 0x00,
    0x00, 0xac, 0x00, 0x00, 0x00, 0xf9, 0x00, 0x02, 0x00, 0xaa, 0x05, 0x00, 0x00, 0xf8, 0x00, 0x02, 0x00, 0x71, 0x05,
    0x00, 0x00, 0x3e, 0x00, 0x03, 0x00, 0xdf, 0x05, 0x00, 0x00, 0xac, 0x00, 0x00, 0x00, 0x3e, 0x00, 0x03, 0x00, 0xe0,
    0x05, 0x00, 0x00, 0xac, 0x00, 0x00, 0x00, 0xf9, 0x00, 0x02, 0x00, 0xe3, 0x05, 0x00, 0x00, 0xf8, 0x00, 0x02, 0x00,
    0xe3, 0x05, 0x00, 0x00, 0xf6, 0x00, 0x04, 0x00, 0xf7, 0x05, 0x00, 0x00, 0xf6, 0x05, 0x00, 0x00, 0x00, 0x00, 0x00,
    0x00, 0xf9, 0x00, 0x02, 0x00, 0xe4, 0x05, 0x00, 0x00, 0xf8, 0x00, 0x02, 0x00, 0xe4, 0x05, 0x00, 0x00, 0xf9, 0x00,
    0x02, 0x00, 0xe5, 0x05, 0x00, 0x00, 0xf8, 0x00, 0x02, 0x00, 0xe5, 0x05, 0x00, 0x00, 0xf9, 0x00, 0x02, 0x00, 0xe6,
    0x05, 0x00, 0x00, 0xf8, 0x00, 0x02, 0x00, 0xe6, 0x05, 0x00, 0x00, 0x3d, 0x00, 0x04, 0x00, 0x09, 0x00, 0x00, 0x00,
    0xe7, 0x05, 0x00, 0x00, 0xe0, 0x05, 0x00, 0x00, 0xb0, 0x00, 0x05, 0x00, 0x1d, 0x00, 0x00, 0x00, 0xe8, 0x05, 0x00,
    0x00, 0xe7, 0x05, 0x00, 0x00, 0x12, 0x03, 0x00, 0x00, 0xf7, 0x00, 0x03, 0x00, 0xea, 0x05, 0x00, 0x00, 0x00, 0x00,
    0x00, 0x00, 0xfa, 0x00, 0x04, 0x00, 0xe8, 0x05, 0x00, 0x00, 0xea, 0x05, 0x00, 0x00, 0xe9, 0x05, 0x00, 0x00, 0xf8,
    0x00, 0x02, 0x00, 0xe9, 0x05, 0x00, 0x00, 0xf9, 0x00, 0x02, 0x00, 0xf7, 0x05, 0x00, 0x00, 0xf8, 0x00, 0x02, 0x00,
    0xea, 0x05, 0x00, 0x00, 0x3d, 0x00, 0x04, 0x00, 0x09, 0x00, 0x00, 0x00, 0xed, 0x05, 0x00, 0x00, 0xe0, 0x05, 0x00,
    0x00, 0x41, 0x00, 0x05, 0x00, 0x20, 0x00, 0x00, 0x00, 0xee, 0x05, 0x00, 0x00, 0x38, 0x08, 0x00, 0x00, 0xed, 0x05,
    0x00, 0x00, 0x3d, 0x00, 0x04, 0x00, 0x09, 0x00, 0x00, 0x00, 0xef, 0x05, 0x00, 0x00, 0xee, 0x05, 0x00, 0x00, 0x3d,
    0x00, 0x04, 0x00, 0x09, 0x00, 0x00, 0x00, 0xf0, 0x05, 0x00, 0x00, 0xdf, 0x05, 0x00, 0x00, 0x80, 0x00, 0x05, 0x00,
    0x09, 0x00, 0x00, 0x00, 0xfb, 0x05, 0x00, 0x00, 0xef, 0x05, 0x00, 0x00, 0xc4, 0x00, 0x00, 0x00, 0x84, 0x00, 0x05,
    0x00, 0x09, 0x00, 0x00, 0x00, 0xfc, 0x05, 0x00, 0x00, 0xf0, 0x05, 0x00, 0x00, 0xc6, 0x00, 0x00, 0x00, 0x80, 0x00,
    0x05, 0x00, 0x09, 0x00, 0x00, 0x00, 0xfd, 0x05, 0x00, 0x00, 0xfb, 0x05, 0x00, 0x00, 0xfc, 0x05, 0x00, 0x00, 0xc4,
    0x00, 0x05, 0x00, 0x09, 0x00, 0x00, 0x00, 0xfe, 0x05, 0x00, 0x00, 0xfd, 0x05, 0x00, 0x00, 0xc9, 0x00, 0x00, 0x00,
    0xc2, 0x00, 0x05, 0x00, 0x09, 0x00, 0x00, 0x00, 0xff, 0x05, 0x00, 0x00, 0xfd, 0x05, 0x00, 0x00, 0xcb, 0x00, 0x00,
    0x00, 0xc5, 0x00, 0x05, 0x00, 0x09, 0x00, 0x00, 0x00, 0x00, 0x06, 0x00, 0x00, 0xfe, 0x05, 0x00, 0x00, 0xff, 0x05,
    0x00, 0x00, 0x84, 0x00, 0x05, 0x00, 0x09, 0x00, 0x00, 0x00, 0x01, 0x06, 0x00, 0x00, 0xce, 0x00, 0x00, 0x00, 0x00,
    0x06, 0x00, 0x00, 0xc2, 0x00, 0x05, 0x00, 0x09, 0x00, 0x00, 0x00, 0x02, 0x06, 0x00, 0x00, 0x01, 0x06, 0x00, 0x00,
    0xcb, 0x00, 0x00, 0x00, 0xc6, 0x00, 0x05, 0x00, 0x09, 0x00, 0x00, 0x00, 0x03, 0x06, 0x00, 0x00, 0x01, 0x06, 0x00,
    0x00, 0x02, 0x06, 0x00, 0x00, 0x84, 0x00, 0x05, 0x00, 0x09, 0x00, 0x00, 0x00, 0x04, 0x06, 0x00, 0x00, 0xd2, 0x00,
    0x00, 0x00, 0x03, 0x06, 0x00, 0x00, 0xc2, 0x00, 0x05, 0x00, 0x09, 0x00, 0x00, 0x00, 0x05, 0x06, 0x00, 0x00, 0x04,
    0x06, 0x00, 0x00, 0xd4, 0x00, 0x00, 0x00, 0xc6, 0x00, 0x05, 0x00, 0x09, 0x00, 0x00, 0x00, 0x06, 0x06, 0x00, 0x00,
    0x04, 0x06, 0x00, 0x00, 0x05, 0x06, 0x00, 0x00, 0x84, 0x00, 0x05, 0x00, 0x09, 0x00, 0x00, 0x00, 0x07, 0x06, 0x00,
    0x00, 0xc6, 0x00, 0x00, 0x00, 0x06, 0x06, 0x00, 0x00, 0xc2, 0x00, 0x05, 0x00, 0x09, 0x00, 0x00, 0x00, 0x08, 0x06,
    0x00, 0x00, 0x07, 0x06, 0x00, 0x00, 0xd8, 0x00, 0x00, 0x00, 0xc6, 0x00, 0x05, 0x00, 0x09, 0x00, 0x00, 0x00, 0x09,
    0x06, 0x00, 0x00, 0x07, 0x06, 0x00, 0x00, 0x08, 0x06, 0x00, 0x00, 0xf9, 0x00, 0x02, 0x00, 0xf2, 0x05, 0x00, 0x00,
    0xf8, 0x00, 0x02, 0x00, 0xf2, 0x05, 0x00, 0x00, 0xf9, 0x00, 0x02, 0x00, 0xf3, 0x05, 0x00, 0x00, 0xf8, 0x00, 0x02,
    0x00, 0xf3, 0x05, 0x00, 0x00, 0x3d, 0x00, 0x04, 0x00, 0x09, 0x00, 0x00, 0x00, 0xf4, 0x05, 0x00, 0x00, 0xe0, 0x05,
    0x00, 0x00, 0x80, 0x00, 0x05, 0x00, 0x09, 0x00, 0x00, 0x00, 0xf5, 0x05, 0x00, 0x00, 0xf4, 0x05, 0x00, 0x00, 0xe2,
    0x00, 0x00, 0x00, 0x3e, 0x00, 0x03, 0x00, 0xdf, 0x05, 0x00, 0x00, 0x09, 0x06, 0x00, 0x00, 0x3e, 0x00, 0x03, 0x00,
    0xe0, 0x05, 0x00, 0x00, 0xf5, 0x05, 0x00, 0x00, 0xf9, 0x00, 0x02, 0x00, 0xf6, 0x05, 0x00, 0x00, 0xf8, 0x00, 0x02,
    0x00, 0xf6, 0x05, 0x00, 0x00, 0xf9, 0x00, 0x02, 0x00, 0xe3, 0x05, 0x00, 0x00, 0xf8, 0x00, 0x02, 0x00, 0xf7, 0x05,
    0x00, 0x00, 0x3d, 0x00, 0x04, 0x00, 0x09, 0x00, 0x00, 0x00, 0xf8, 0x05, 0x00, 0x00, 0xdf, 0x05, 0x00, 0x00, 0x3e,
    0x00, 0x03, 0x00, 0x5e, 0x05, 0x00, 0x00, 0xf8, 0x05, 0x00, 0x00, 0xf9, 0x00, 0x02, 0x00, 0x73, 0x05, 0x00, 0x00,
    0xf8, 0x00, 0x02, 0x00, 0x73, 0x05, 0x00, 0x00, 0xf6, 0x00, 0x04, 0x00, 0xa7, 0x05, 0x00, 0x00, 0xa6, 0x05, 0x00,
    0x00, 0x00, 0x00, 0x00, 0x00, 0xf9, 0x00, 0x02, 0x00, 0x74, 0x05, 0x00, 0x00, 0xf8, 0x00, 0x02, 0x00, 0x74, 0x05,
    0x00, 0x00, 0xf9, 0x00, 0x02, 0x00, 0x75, 0x05, 0x00, 0x00, 0xf8, 0x00, 0x02, 0x00, 0x75, 0x05, 0x00, 0x00, 0x3d,
    0x00, 0x04, 0x00, 0x09, 0x00, 0x00, 0x00, 0x77, 0x05, 0x00, 0x00, 0x5b, 0x07, 0x00, 0x00, 0x82, 0x00, 0x05, 0x00,
    0x09, 0x00, 0x00, 0x00, 0x78, 0x05, 0x00, 0x00, 0x77, 0x05, 0x00, 0x00, 0xe2, 0x00, 0x00, 0x00, 0x3d, 0x00, 0x04,
    0x00, 0x09, 0x00, 0x00, 0x00, 0x79, 0x05, 0x00, 0x00, 0x5e, 0x05, 0x00, 0x00, 0xc7, 0x00, 0x05, 0x00, 0x09, 0x00,
    0x00, 0x00, 0x7a, 0x05, 0x00, 0x00, 0x79, 0x05, 0x00, 0x00, 0x78, 0x05, 0x00, 0x00, 0x3d, 0x00, 0x04, 0x00, 0x68,
    0x02, 0x00, 0x00, 0x7c, 0x05, 0x00, 0x00, 0x5a, 0x07, 0x00, 0x00, 0x43, 0x00, 0x05, 0x00, 0x68, 0x02, 0x00, 0x00,
    0x7d, 0x05, 0x00, 0x00, 0x7c, 0x05, 0x00, 0x00, 0x7a, 0x05, 0x00, 0x00, 0x41, 0x00, 0x05, 0x00, 0x6a, 0x02, 0x00,
    0x00, 0x7e, 0x05, 0x00, 0x00, 0x7d, 0x05, 0x00, 0x00, 0x56, 0x00, 0x00, 0x00, 0x3e, 0x00, 0x03, 0x00, 0x46, 0x07,
    0x00, 0x00, 0x0e, 0x08, 0x00, 0x00, 0x3e, 0x00, 0x03, 0x00, 0x0a, 0x06, 0x00, 0x00, 0xf7, 0x00, 0x00, 0x00, 0xf7,
    0x00, 0x03, 0x00, 0x31, 0x06, 0x00, 0x00, 0x00, 0x00, 0x00, 0x00, 0xfb, 0x00, 0x03, 0x00, 0xac, 0x00, 0x00, 0x00,
    0x11, 0x06, 0x00, 0x00, 0xf8, 0x00, 0x02, 0x00, 0x11, 0x06, 0x00, 0x00, 0x3d, 0x00, 0x06, 0x00, 0x69, 0x02, 0x00,
    0x00, 0x12, 0x06, 0x00, 0x00, 0x7e, 0x05, 0x00, 0x00, 0x02, 0x00, 0x00, 0x00, 0x04, 0x00, 0x00, 0x00, 0x90, 0x01,
    0x04, 0x00, 0x6f, 0x02, 0x00, 0x00, 0x13, 0x06, 0x00, 0x00, 0x12, 0x06, 0x00, 0x00, 0x51, 0x00, 0x05, 0x00, 0x70,
    0x02, 0x00, 0x00, 0x15, 0x07, 0x00, 0x00, 0x13, 0x06, 0x00, 0x00, 0x00, 0x00, 0x00, 0x00, 0x51, 0x00, 0x05, 0x00,
    0x71, 0x02, 0x00, 0x00, 0xbf, 0x07, 0x00, 0x00, 0x15, 0x07, 0x00, 0x00, 0x00, 0x00, 0x00, 0x00, 0x51, 0x00, 0x05,
    0x00, 0x09, 0x00, 0x00, 0x00, 0xc2, 0x08, 0x00, 0x00, 0xbf, 0x07, 0x00, 0x00, 0x00, 0x00, 0x00, 0x00, 0x3e, 0x00,
    0x03, 0x00, 0xb1, 0x08, 0x00, 0x00, 0xc2, 0x08, 0x00, 0x00, 0x51, 0x00, 0x05, 0x00, 0x09, 0x00, 0x00, 0x00, 0xc3,
    0x08, 0x00, 0x00, 0xbf, 0x07, 0x00, 0x00, 0x01, 0x00, 0x00, 0x00, 0x3e, 0x00, 0x03, 0x00, 0xb2, 0x08, 0x00, 0x00,
    0xc3, 0x08, 0x00, 0x00, 0x51, 0x00, 0x05, 0x00, 0x09, 0x00, 0x00, 0x00, 0xc4, 0x08, 0x00, 0x00, 0xbf, 0x07, 0x00,
    0x00, 0x02, 0x00, 0x00, 0x00, 0x3e, 0x00, 0x03, 0x00, 0xb3, 0x08, 0x00, 0x00, 0xc4, 0x08, 0x00, 0x00, 0x51, 0x00,
    0x05, 0x00, 0x09, 0x00, 0x00, 0x00, 0xc5, 0x08, 0x00, 0x00, 0xbf, 0x07, 0x00, 0x00, 0x03, 0x00, 0x00, 0x00, 0x3e,
    0x00, 0x03, 0x00, 0xb4, 0x08, 0x00, 0x00, 0xc5, 0x08, 0x00, 0x00, 0x51, 0x00, 0x05, 0x00, 0x09, 0x00, 0x00, 0x00,
    0xc6, 0x08, 0x00, 0x00, 0xbf, 0x07, 0x00, 0x00, 0x04, 0x00, 0x00, 0x00, 0x3e, 0x00, 0x03, 0x00, 0xb5, 0x08, 0x00,
    0x00, 0xc6, 0x08, 0x00, 0x00, 0x51, 0x00, 0x05, 0x00, 0x09, 0x00, 0x00, 0x00, 0xc7, 0x08, 0x00, 0x00, 0xbf, 0x07,
    0x00, 0x00, 0x05, 0x00, 0x00, 0x00, 0x3e, 0x00, 0x03, 0x00, 0xb6, 0x08, 0x00, 0x00, 0xc7, 0x08, 0x00, 0x00, 0x51,
    0x00, 0x05, 0x00, 0x09, 0x00, 0x00, 0x00, 0xc8, 0x08, 0x00, 0x00, 0xbf, 0x07, 0x00, 0x00, 0x06, 0x00, 0x00, 0x00,
    0x3e, 0x00, 0x03, 0x00, 0xb7, 0x08, 0x00, 0x00, 0xc8, 0x08, 0x00, 0x00, 0x51, 0x00, 0x05, 0x00, 0x09, 0x00, 0x00,
    0x00, 0xc9, 0x08, 0x00, 0x00, 0xbf, 0x07, 0x00, 0x00, 0x07, 0x00, 0x00, 0x00, 0x3e, 0x00, 0x03, 0x00, 0xb8, 0x08,
    0x00, 0x00, 0xc9, 0x08, 0x00, 0x00, 0x3e, 0x00, 0x03, 0x00, 0x0d, 0x06, 0x00, 0x00, 0xac, 0x00, 0x00, 0x00, 0xf9,
    0x00, 0x02, 0x00, 0x14, 0x06, 0x00, 0x00, 0xf8, 0x00, 0x02, 0x00, 0x14, 0x06, 0x00, 0x00, 0xf6, 0x00, 0x04, 0x00,
    0x2e, 0x06, 0x00, 0x00, 0x2d, 0x06, 0x00, 0x00, 0x00, 0x00, 0x00, 0x00, 0xf9, 0x00, 0x02, 0x00, 0x15, 0x06, 0x00,
    0x00, 0xf8, 0x00, 0x02, 0x00, 0x15, 0x06, 0x00, 0x00, 0xf9, 0x00, 0x02, 0x00, 0x16, 0x06, 0x00, 0x00, 0xf8, 0x00,
    0x02, 0x00, 0x16, 0x06, 0x00, 0x00, 0xf9, 0x00, 0x02, 0x00, 0x17, 0x06, 0x00, 0x00, 0xf8, 0x00, 0x02, 0x00, 0x17,
    0x06, 0x00, 0x00, 0x3d, 0x00, 0x04, 0x00, 0x09, 0x00, 0x00, 0x00, 0x18, 0x06, 0x00, 0x00, 0x0d, 0x06, 0x00, 0x00,
    0xb0, 0x00, 0x05, 0x00, 0x1d, 0x00, 0x00, 0x00, 0x19, 0x06, 0x00, 0x00, 0x18, 0x06, 0x00, 0x00, 0x12, 0x03, 0x00,
    0x00, 0xf7, 0x00, 0x03, 0x00, 0x1b, 0x06, 0x00, 0x00, 0x00, 0x00, 0x00, 0x00, 0xfa, 0x00, 0x04, 0x00, 0x19, 0x06,
    0x00, 0x00, 0x1b, 0x06, 0x00, 0x00, 0x1a, 0x06, 0x00, 0x00, 0xf8, 0x00, 0x02, 0x00, 0x1a, 0x06, 0x00, 0x00, 0xf9,
    0x00, 0x02, 0x00, 0x2e, 0x06, 0x00, 0x00, 0xf8, 0x00, 0x02, 0x00, 0x1b, 0x06, 0x00, 0x00, 0x3d, 0x00, 0x04, 0x00,
    0x09, 0x00, 0x00, 0x00, 0xc0, 0x08, 0x00, 0x00, 0xb8, 0x08, 0x00, 0x00, 0x3d, 0x00, 0x04, 0x00, 0x09, 0x00, 0x00,
    0x00, 0xbf, 0x08, 0x00, 0x00, 0xb7, 0x08, 0x00, 0x00, 0x3d, 0x00, 0x04, 0x00, 0x09, 0x00, 0x00, 0x00, 0xbe, 0x08,
    0x00, 0x00, 0xb6, 0x08, 0x00, 0x00, 0x3d, 0x00, 0x04, 0x00, 0x09, 0x00, 0x00, 0x00, 0xbd, 0x08, 0x00, 0x00, 0xb5,
    0x08, 0x00, 0x00, 0x3d, 0x00, 0x04, 0x00, 0x09, 0x00, 0x00, 0x00, 0xbc, 0x08, 0x00, 0x00, 0xb4, 0x08, 0x00, 0x00,
    0x3d, 0x00, 0x04, 0x00, 0x09, 0x00, 0x00, 0x00, 0xbb, 0x08, 0x00, 0x00, 0xb3, 0x08, 0x00, 0x00, 0x3d, 0x00, 0x04,
    0x00, 0x09, 0x00, 0x00, 0x00, 0xba, 0x08, 0x00, 0x00, 0xb2, 0x08, 0x00, 0x00, 0x3d, 0x00, 0x04, 0x00, 0x09, 0x00,
    0x00, 0x00, 0xb9, 0x08, 0x00, 0x00, 0xb1, 0x08, 0x00, 0x00, 0x50, 0x00, 0x0b, 0x00, 0x71, 0x02, 0x00, 0x00, 0xc1,
    0x08, 0x00, 0x00, 0xb9, 0x08, 0x00, 0x00, 0xba, 0x08, 0x00, 0x00, 0xbb, 0x08, 0x00, 0x00, 0xbc, 0x08, 0x00, 0x00,
    0xbd, 0x08, 0x00, 0x00, 0xbe, 0x08, 0x00, 0x00, 0xbf, 0x08, 0x00, 0x00, 0xc0, 0x08, 0x00, 0x00, 0x3e, 0x00, 0x03,
    0x00, 0x0e, 0x06, 0x00, 0x00, 0xc1, 0x08, 0x00, 0x00, 0x3d, 0x00, 0x04, 0x00, 0x09, 0x00, 0x00, 0x00, 0x1f, 0x06,
    0x00, 0x00, 0x0d, 0x06, 0x00, 0x00, 0x41, 0x00, 0x05, 0x00, 0x20, 0x00, 0x00, 0x00, 0x20, 0x06, 0x00, 0x00, 0x0e,
    0x06, 0x00, 0x00, 0x1f, 0x06, 0x00, 0x00, 0x3d, 0x00, 0x04, 0x00, 0x09, 0x00, 0x00, 0x00, 0x21, 0x06, 0x00, 0x00,
    0x20, 0x06, 0x00, 0x00, 0x41, 0x00, 0x05, 0x00, 0x20, 0x00, 0x00, 0x00, 0x24, 0x06, 0x00, 0x00, 0x46, 0x07, 0x00,
    0x00, 0x1f, 0x06, 0x00, 0x00, 0x3d, 0x00, 0x04, 0x00, 0x09, 0x00, 0x00, 0x00, 0x25, 0x06, 0x00, 0x00, 0x24, 0x06,
    0x00, 0x00, 0xab, 0x00, 0x05, 0x00, 0x1d, 0x00, 0x00, 0x00, 0x26, 0x06, 0x00, 0x00, 0x21, 0x06, 0x00, 0x00, 0x25,
    0x06, 0x00, 0x00, 0xf7, 0x00, 0x03, 0x00, 0x28, 0x06, 0x00, 0x00, 0x00, 0x00, 0x00, 0x00, 0xfa, 0x00, 0x04, 0x00,
    0x26, 0x06, 0x00, 0x00, 0x27, 0x06, 0x00, 0x00, 0x28, 0x06, 0x00, 0x00, 0xf8, 0x00, 0x02, 0x00, 0x27, 0x06, 0x00,
    0x00, 0x3e, 0x00, 0x03, 0x00, 0x0a, 0x06, 0x00, 0x00, 0xa6, 0x00, 0x00, 0x00, 0x3e, 0x00, 0x03, 0x00, 0x0b, 0x06,
    0x00, 0x00, 0xf7, 0x00, 0x00, 0x00, 0xf9, 0x00, 0x02, 0x00, 0x2e, 0x06, 0x00, 0x00, 0xf8, 0x00, 0x02, 0x00, 0x28,
    0x06, 0x00, 0x00, 0xf9, 0x00, 0x02, 0x00, 0x29, 0x06, 0x00, 0x00, 0xf8, 0x00, 0x02, 0x00, 0x29, 0x06, 0x00, 0x00,
    0xf9, 0x00, 0x02, 0x00, 0x2a, 0x06, 0x00, 0x00, 0xf8, 0x00, 0x02, 0x00, 0x2a, 0x06, 0x00, 0x00, 0x3d, 0x00, 0x04,
    0x00, 0x09, 0x00, 0x00, 0x00, 0x2b, 0x06, 0x00, 0x00, 0x0d, 0x06, 0x00, 0x00, 0x80, 0x00, 0x05, 0x00, 0x09, 0x00,
    0x00, 0x00, 0x2c, 0x06, 0x00, 0x00, 0x2b, 0x06, 0x00, 0x00, 0xe2, 0x00, 0x00, 0x00, 0x3e, 0x00, 0x03, 0x00, 0x0d,
    0x06, 0x00, 0x00, 0x2c, 0x06, 0x00, 0x00, 0xf9, 0x00, 0x02, 0x00, 0x2d, 0x06, 0x00, 0x00, 0xf8, 0x00, 0x02, 0x00,
    0x2d, 0x06, 0x00, 0x00, 0xf9, 0x00, 0x02, 0x00, 0x14, 0x06, 0x00, 0x00, 0xf8, 0x00, 0x02, 0x00, 0x2e, 0x06, 0x00,
    0x00, 0x3d, 0x00, 0x04, 0x00, 0x1d, 0x00, 0x00, 0x00, 0x2f, 0x06, 0x00, 0x00, 0x0a, 0x06, 0x00, 0x00, 0xf7, 0x00,
    0x03, 0x00, 0x30, 0x06, 0x00, 0x00, 0x00, 0x00, 0x00, 0x00, 0xfa, 0x00, 0x04, 0x00, 0x2f, 0x06, 0x00, 0x00, 0x31,
    0x06, 0x00, 0x00, 0x30, 0x06, 0x00, 0x00, 0xf8, 0x00, 0x02, 0x00, 0x30, 0x06, 0x00, 0x00, 0x3e, 0x00, 0x03, 0x00,
    0x0a, 0x06, 0x00, 0x00, 0xa6, 0x00, 0x00, 0x00, 0x3e, 0x00, 0x03, 0x00, 0x0b, 0x06, 0x00, 0x00, 0xa6, 0x00, 0x00,
    0x00, 0xf9, 0x00, 0x02, 0x00, 0x31, 0x06, 0x00, 0x00, 0xf8, 0x00, 0x02, 0x00, 0x31, 0x06, 0x00, 0x00, 0x3d, 0x00,
    0x04, 0x00, 0x1d, 0x00, 0x00, 0x00, 0x32, 0x06, 0x00, 0x00, 0x0b, 0x06, 0x00, 0x00, 0xf7, 0x00, 0x03, 0x00, 0xa3,
    0x05, 0x00, 0x00, 0x00, 0x00, 0x00, 0x00, 0xfa, 0x00, 0x04, 0x00, 0x32, 0x06, 0x00, 0x00, 0xa2, 0x05, 0x00, 0x00,
    0x80, 0x05, 0x00, 0x00, 0xf8, 0x00, 0x02, 0x00, 0x80, 0x05, 0x00, 0x00, 0x3e, 0x00, 0x03, 0x00, 0x33, 0x06, 0x00,
    0x00, 0xf7, 0x00, 0x00, 0x00, 0xf7, 0x00, 0x03, 0x00, 0x5b, 0x06, 0x00, 0x00, 0x00, 0x00, 0x00, 0x00, 0xfb, 0x00,
    0x03, 0x00, 0xac, 0x00, 0x00, 0x00, 0x3a, 0x06, 0x00, 0x00, 0xf8, 0x00, 0x02, 0x00, 0x3a, 0x06, 0x00, 0x00, 0x3d,
    0x00, 0x06, 0x00, 0x69, 0x02, 0x00, 0x00, 0x3b, 0x06, 0x00, 0x00, 0x7e, 0x05, 0x00, 0x00, 0x02, 0x00, 0x00, 0x00,
    0x04, 0x00, 0x00, 0x00, 0x90, 0x01, 0x04, 0x00, 0x6f, 0x02, 0x00, 0x00, 0x3c, 0x06, 0x00, 0x00, 0x3b, 0x06, 0x00,
    0x00, 0x51, 0x00, 0x05, 0x00, 0x70, 0x02, 0x00, 0x00, 0x13, 0x07, 0x00, 0x00, 0x3c, 0x06, 0x00, 0x00, 0x00, 0x00,
    0x00, 0x00, 0x51, 0x00, 0x05, 0x00, 0x71, 0x02, 0x00, 0x00, 0xbb, 0x07, 0x00, 0x00, 0x13, 0x07, 0x00, 0x00, 0x00,
    0x00, 0x00, 0x00, 0x51, 0x00, 0x05, 0x00, 0x09, 0x00, 0x00, 0x00, 0xa9, 0x08, 0x00, 0x00, 0xbb, 0x07, 0x00, 0x00,
    0x00, 0x00, 0x00, 0x00, 0x3e, 0x00, 0x03, 0x00, 0x98, 0x08, 0x00, 0x00, 0xa9, 0x08, 0x00, 0x00, 0x51, 0x00, 0x05,
    0x00, 0x09, 0x00, 0x00, 0x00, 0xaa, 0x08, 0x00, 0x00, 0xbb, 0x07, 0x00, 0x00, 0x01, 0x00, 0x00, 0x00, 0x3e, 0x00,
    0x03, 0x00, 0x99, 0x08, 0x00, 0x00, 0xaa, 0x08, 0x00, 0x00, 0x51, 0x00, 0x05, 0x00, 0x09, 0x00, 0x00, 0x00, 0xab,
    0x08, 0x00, 0x00, 0xbb, 0x07, 0x00, 0x00, 0x02, 0x00, 0x00, 0x00, 0x3e, 0x00, 0x03, 0x00, 0x9a, 0x08, 0x00, 0x00,
    0xab, 0x08, 0x00, 0x00, 0x51, 0x00, 0x05, 0x00, 0x09, 0x00, 0x00, 0x00, 0xac, 0x08, 0x00, 0x00, 0xbb, 0x07, 0x00,
    0x00, 0x03, 0x00, 0x00, 0x00, 0x3e, 0x00, 0x03, 0x00, 0x9b, 0x08, 0x00, 0x00, 0xac, 0x08, 0x00, 0x00, 0x51, 0x00,
    0x05, 0x00, 0x09, 0x00, 0x00, 0x00, 0xad, 0x08, 0x00, 0x00, 0xbb, 0x07, 0x00, 0x00, 0x04, 0x00, 0x00, 0x00, 0x3e,
    0x00, 0x03, 0x00, 0x9c, 0x08, 0x00, 0x00, 0xad, 0x08, 0x00, 0x00, 0x51, 0x00, 0x05, 0x00, 0x09, 0x00, 0x00, 0x00,
    0xae, 0x08, 0x00, 0x00, 0xbb, 0x07, 0x00, 0x00, 0x05, 0x00, 0x00, 0x00, 0x3e, 0x00, 0x03, 0x00, 0x9d, 0x08, 0x00,
    0x00, 0xae, 0x08, 0x00, 0x00, 0x51, 0x00, 0x05, 0x00, 0x09, 0x00, 0x00, 0x00, 0xaf, 0x08, 0x00, 0x00, 0xbb, 0x07,
    0x00, 0x00, 0x06, 0x00, 0x00, 0x00, 0x3e, 0x00, 0x03, 0x00, 0x9e, 0x08, 0x00, 0x00, 0xaf, 0x08, 0x00, 0x00, 0x51,
    0x00, 0x05, 0x00, 0x09, 0x00, 0x00, 0x00, 0xb0, 0x08, 0x00, 0x00, 0xbb, 0x07, 0x00, 0x00, 0x07, 0x00, 0x00, 0x00,
    0x3e, 0x00, 0x03, 0x00, 0x9f, 0x08, 0x00, 0x00, 0xb0, 0x08, 0x00, 0x00, 0x3e, 0x00, 0x03, 0x00, 0x36, 0x06, 0x00,
    0x00, 0xac, 0x00, 0x00, 0x00, 0xf9, 0x00, 0x02, 0x00, 0x3d, 0x06, 0x00, 0x00, 0xf8, 0x00, 0x02, 0x00, 0x3d, 0x06,
    0x00, 0x00, 0xf6, 0x00, 0x04, 0x00, 0x58, 0x06, 0x00, 0x00, 0x57, 0x06, 0x00, 0x00, 0x00, 0x00, 0x00, 0x00, 0xf9,
    0x00, 0x02, 0x00, 0x3e, 0x06, 0x00, 0x00, 0xf8, 0x00, 0x02, 0x00, 0x3e, 0x06, 0x00, 0x00, 0xf9, 0x00, 0x02, 0x00,
    0x3f, 0x06, 0x00, 0x00, 0xf8, 0x00, 0x02, 0x00, 0x3f, 0x06, 0x00, 0x00, 0xf9, 0x00, 0x02, 0x00, 0x40, 0x06, 0x00,
    0x00, 0xf8, 0x00, 0x02, 0x00, 0x40, 0x06, 0x00, 0x00, 0x3d, 0x00, 0x04, 0x00, 0x09, 0x00, 0x00, 0x00, 0x41, 0x06,
    0x00, 0x00, 0x36, 0x06, 0x00, 0x00, 0xb0, 0x00, 0x05, 0x00, 0x1d, 0x00, 0x00, 0x00, 0x42, 0x06, 0x00, 0x00, 0x41,
    0x06, 0x00, 0x00, 0x12, 0x03, 0x00, 0x00, 0xf7, 0x00, 0x03, 0x00, 0x44, 0x06, 0x00, 0x00, 0x00, 0x00, 0x00, 0x00,
    0xfa, 0x00, 0x04, 0x00, 0x42, 0x06, 0x00, 0x00, 0x44, 0x06, 0x00, 0x00, 0x43, 0x06, 0x00, 0x00, 0xf8, 0x00, 0x02,
    0x00, 0x43, 0x06, 0x00, 0x00, 0xf9, 0x00, 0x02, 0x00, 0x58, 0x06, 0x00, 0x00, 0xf8, 0x00, 0x02, 0x00, 0x44, 0x06,
    0x00, 0x00, 0x3d, 0x00, 0x04, 0x00, 0x09, 0x00, 0x00, 0x00, 0x47, 0x06, 0x00, 0x00, 0x36, 0x06, 0x00, 0x00, 0x41,
    0x00, 0x05, 0x00, 0x20, 0x00, 0x00, 0x00, 0x48, 0x06, 0x00, 0x00, 0x38, 0x08, 0x00, 0x00, 0x47, 0x06, 0x00, 0x00,
    0x3d, 0x00, 0x04, 0x00, 0x09, 0x00, 0x00, 0x00, 0x49, 0x06, 0x00, 0x00, 0x48, 0x06, 0x00, 0x00, 0x3d, 0x00, 0x04,
    0x00, 0x09, 0x00, 0x00, 0x00, 0xa7, 0x08, 0x00, 0x00, 0x9f, 0x08, 0x00, 0x00, 0x3d, 0x00, 0x04, 0x00, 0x09, 0x00,
    0x00, 0x00, 0xa6, 0x08, 0x00, 0x00, 0x9e, 0x08, 0x00, 0x00, 0x3d, 0x00, 0x04, 0x00, 0x09, 0x00, 0x00, 0x00, 0xa5,
    0x08, 0x00, 0x00, 0x9d, 0x08, 0x00, 0x00, 0x3d, 0x00, 0x04, 0x00, 0x09, 0x00, 0x00, 0x00, 0xa4, 0x08, 0x00, 0x00,
    0x9c, 0x08, 0x00, 0x00, 0x3d, 0x00, 0x04, 0x00, 0x09, 0x00, 0x00, 0x00, 0xa3, 0x08, 0x00, 0x00, 0x9b, 0x08, 0x00,
    0x00, 0x3d, 0x00, 0x04, 0x00, 0x09, 0x00, 0x00, 0x00, 0xa2, 0x08, 0x00, 0x00, 0x9a, 0x08, 0x00, 0x00, 0x3d, 0x00,
    0x04, 0x00, 0x09, 0x00, 0x00, 0x00, 0xa1, 0x08, 0x00, 0x00, 0x99, 0x08, 0x00, 0x00, 0x3d, 0x00, 0x04, 0x00, 0x09,
    0x00, 0x00, 0x00, 0xa0, 0x08, 0x00, 0x00, 0x98, 0x08, 0x00, 0x00, 0x50, 0x00, 0x0b, 0x00, 0x71, 0x02, 0x00, 0x00,
    0xa8, 0x08, 0x00, 0x00, 0xa0, 0x08, 0x00, 0x00, 0xa1, 0x08, 0x00, 0x00, 0xa2, 0x08, 0x00, 0x00, 0xa3, 0x08, 0x00,
    0x00, 0xa4, 0x08, 0x00, 0x00, 0xa5, 0x08, 0x00, 0x00, 0xa6, 0x08, 0x00, 0x00, 0xa7, 0x08, 0x00, 0x00, 0x3e, 0x00,
    0x03, 0x00, 0x37, 0x06, 0x00, 0x00, 0xa8, 0x08, 0x00, 0x00, 0x41, 0x00, 0x05, 0x00, 0x20, 0x00, 0x00, 0x00, 0x4e,
    0x06, 0x00, 0x00, 0x37, 0x06, 0x00, 0x00, 0x47, 0x06, 0x00, 0x00, 0x3d, 0x00, 0x04, 0x00, 0x09, 0x00, 0x00, 0x00,
    0x4f, 0x06, 0x00, 0x00, 0x4e, 0x06, 0x00, 0x00, 0xab, 0x00, 0x05, 0x00, 0x1d, 0x00, 0x00, 0x00, 0x50, 0x06, 0x00,
    0x00, 0x49, 0x06, 0x00, 0x00, 0x4f, 0x06, 0x00, 0x00, 0xf7, 0x00, 0x03, 0x00, 0x52, 0x06, 0x00, 0x00, 0x00, 0x00,
    0x00, 0x00, 0xfa, 0x00, 0x04, 0x00, 0x50, 0x06, 0x00, 0x00, 0x51, 0x06, 0x00, 0x00, 0x52, 0x06, 0x00, 0x00, 0xf8,
    0x00, 0x02, 0x00, 0x51, 0x06, 0x00, 0x00, 0x3e, 0x00, 0x03, 0x00, 0x33, 0x06, 0x00, 0x00, 0xa6, 0x00, 0x00, 0x00,
    0x3e, 0x00, 0x03, 0x00, 0x34, 0x06, 0x00, 0x00, 0xf7, 0x00, 0x00, 0x00, 0xf9, 0x00, 0x02, 0x00, 0x58, 0x06, 0x00,
    0x00, 0xf8, 0x00, 0x02, 0x00, 0x52, 0x06, 0x00, 0x00, 0xf9, 0x00, 0x02, 0x00, 0x53, 0x06, 0x00, 0x00, 0xf8, 0x00,
    0x02, 0x00, 0x53, 0x06, 0x00, 0x00, 0xf9, 0x00, 0x02, 0x00, 0x54, 0x06, 0x00, 0x00, 0xf8, 0x00, 0x02, 0x00, 0x54,
    0x06, 0x00, 0x00, 0x3d, 0x00, 0x04, 0x00, 0x09, 0x00, 0x00, 0x00, 0x55, 0x06, 0x00, 0x00, 0x36, 0x06, 0x00, 0x00,
    0x80, 0x00, 0x05, 0x00, 0x09, 0x00, 0x00, 0x00, 0x56, 0x06, 0x00, 0x00, 0x55, 0x06, 0x00, 0x00, 0xe2, 0x00, 0x00,
    0x00, 0x3e, 0x00, 0x03, 0x00, 0x36, 0x06, 0x00, 0x00, 0x56, 0x06, 0x00, 0x00, 0xf9, 0x00, 0x02, 0x00, 0x57, 0x06,
    0x00, 0x00, 0xf8, 0x00, 0x02, 0x00, 0x57, 0x06, 0x00, 0x00, 0xf9, 0x00, 0x02, 0x00, 0x3d, 0x06, 0x00, 0x00, 0xf8,
    0x00, 0x02, 0x00, 0x58, 0x06, 0x00, 0x00, 0x3d, 0x00, 0x04, 0x00, 0x1d, 0x00, 0x00, 0x00, 0x59, 0x06, 0x00, 0x00,
    0x33, 0x06, 0x00, 0x00, 0xf7, 0x00, 0x03, 0x00, 0x5a, 0x06, 0x00, 0x00, 0x00, 0x00, 0x00, 0x00, 0xfa, 0x00, 0x04,
    0x00, 0x59, 0x06, 0x00, 0x00, 0x5b, 0x06, 0x00, 0x00, 0x5a, 0x06, 0x00, 0x00, 0xf8, 0x00, 0x02, 0x00, 0x5a, 0x06,
    0x00, 0x00, 0x3e, 0x00, 0x03, 0x00, 0x33, 0x06, 0x00, 0x00, 0xa6, 0x00, 0x00, 0x00, 0x3e, 0x00, 0x03, 0x00, 0x34,
    0x06, 0x00, 0x00, 0xa6, 0x00, 0x00, 0x00, 0xf9, 0x00, 0x02, 0x00, 0x5b, 0x06, 0x00, 0x00, 0xf8, 0x00, 0x02, 0x00,
    0x5b, 0x06, 0x00, 0x00, 0x3d, 0x00, 0x04, 0x00, 0x1d, 0x00, 0x00, 0x00, 0x5c, 0x06, 0x00, 0x00, 0x34, 0x06, 0x00,
    0x00, 0xf7, 0x00, 0x03, 0x00, 0x87, 0x05, 0x00, 0x00, 0x00, 0x00, 0x00, 0x00, 0xfa, 0x00, 0x04, 0x00, 0x5c, 0x06,
    0x00, 0x00, 0x83, 0x05, 0x00, 0x00, 0x82, 0x05, 0x00, 0x00, 0xf8, 0x00, 0x02, 0x00, 0x82, 0x05, 0x00, 0x00, 0x3e,
    0x00, 0x03, 0x00, 0x5d, 0x05, 0x00, 0x00, 0xf7, 0x00, 0x00, 0x00, 0xf9, 0x00, 0x02, 0x00, 0x87, 0x05, 0x00, 0x00,
    0xf8, 0x00, 0x02, 0x00, 0x83, 0x05, 0x00, 0x00, 0x41, 0x00, 0x05, 0x00, 0x6a, 0x02, 0x00, 0x00, 0x84, 0x05, 0x00,
    0x00, 0x7d, 0x05, 0x00, 0x00, 0x6f, 0x00, 0x00, 0x00, 0x3e, 0x00, 0x03, 0x00, 0x48, 0x07, 0x00, 0x00, 0x0e, 0x08,
    0x00, 0x00, 0x3e, 0x00, 0x03, 0x00, 0x5d, 0x06, 0x00, 0x00, 0xf7, 0x00, 0x00, 0x00, 0xf7, 0x00, 0x03, 0x00, 0x84,
    0x06, 0x00, 0x00, 0x00, 0x00, 0x00, 0x00, 0xfb, 0x00, 0x03, 0x00, 0xac, 0x00, 0x00, 0x00, 0x64, 0x06, 0x00, 0x00,
    0xf8, 0x00, 0x02, 0x00, 0x64, 0x06, 0x00, 0x00, 0x3d, 0x00, 0x06, 0x00, 0x69, 0x02, 0x00, 0x00, 0x65, 0x06, 0x00,
    0x00, 0x84, 0x05, 0x00, 0x00, 0x02, 0x00, 0x00, 0x00, 0x04, 0x00, 0x00, 0x00, 0x90, 0x01, 0x04, 0x00, 0x6f, 0x02,
    0x00, 0x00, 0x66, 0x06, 0x00, 0x00, 0x65, 0x06, 0x00, 0x00, 0x51, 0x00, 0x05, 0x00, 0x70, 0x02, 0x00, 0x00, 0x11,
    0x07, 0x00, 0x00, 0x66, 0x06, 0x00, 0x00, 0x00, 0x00, 0x00, 0x00, 0x51, 0x00, 0x05, 0x00, 0x71, 0x02, 0x00, 0x00,
    0xb7, 0x07, 0x00, 0x00, 0x11, 0x07, 0x00, 0x00, 0x00, 0x00, 0x00, 0x00, 0x51, 0x00, 0x05, 0x00, 0x09, 0x00, 0x00,
    0x00, 0x90, 0x08, 0x00, 0x00, 0xb7, 0x07, 0x00, 0x00, 0x00, 0x00, 0x00, 0x00, 0x3e, 0x00, 0x03, 0x00, 0x7f, 0x08,
    0x00, 0x00, 0x90, 0x08, 0x00, 0x00, 0x51, 0x00, 0x05, 0x00, 0x09, 0x00, 0x00, 0x00, 0x91, 0x08, 0x00, 0x00, 0xb7,
    0x07, 0x00, 0x00, 0x01, 0x00, 0x00, 0x00, 0x3e, 0x00, 0x03, 0x00, 0x80, 0x08, 0x00, 0x00, 0x91, 0x08, 0x00, 0x00,
    0x51, 0x00, 0x05, 0x00, 0x09, 0x00, 0x00, 0x00, 0x92, 0x08, 0x00, 0x00, 0xb7, 0x07, 0x00, 0x00, 0x02, 0x00, 0x00,
    0x00, 0x3e, 0x00, 0x03, 0x00, 0x81, 0x08, 0x00, 0x00, 0x92, 0x08, 0x00, 0x00, 0x51, 0x00, 0x05, 0x00, 0x09, 0x00,
    0x00, 0x00, 0x93, 0x08, 0x00, 0x00, 0xb7, 0x07, 0x00, 0x00, 0x03, 0x00, 0x00, 0x00, 0x3e, 0x00, 0x03, 0x00, 0x82,
    0x08, 0x00, 0x00, 0x93, 0x08, 0x00, 0x00, 0x51, 0x00, 0x05, 0x00, 0x09, 0x00, 0x00, 0x00, 0x94, 0x08, 0x00, 0x00,
    0xb7, 0x07, 0x00, 0x00, 0x04, 0x00, 0x00, 0x00, 0x3e, 0x00, 0x03, 0x00, 0x83, 0x08, 0x00, 0x00, 0x94, 0x08, 0x00,
    0x00, 0x51, 0x00, 0x05, 0x00, 0x09, 0x00, 0x00, 0x00, 0x95, 0x08, 0x00, 0x00, 0xb7, 0x07, 0x00, 0x00, 0x05, 0x00,
    0x00, 0x00, 0x3e, 0x00, 0x03, 0x00, 0x84, 0x08, 0x00, 0x00, 0x95, 0x08, 0x00, 0x00, 0x51, 0x00, 0x05, 0x00, 0x09,
    0x00, 0x00, 0x00, 0x96, 0x08, 0x00, 0x00, 0xb7, 0x07, 0x00, 0x00, 0x06, 0x00, 0x00, 0x00, 0x3e, 0x00, 0x03, 0x00,
    0x85, 0x08, 0x00, 0x00, 0x96, 0x08, 0x00, 0x00, 0x51, 0x00, 0x05, 0x00, 0x09, 0x00, 0x00, 0x00, 0x97, 0x08, 0x00,
    0x00, 0xb7, 0x07, 0x00, 0x00, 0x07, 0x00, 0x00, 0x00, 0x3e, 0x00, 0x03, 0x00, 0x86, 0x08, 0x00, 0x00, 0x97, 0x08,
    0x00, 0x00, 0x3e, 0x00, 0x03, 0x00, 0x60, 0x06, 0x00, 0x00, 0xac, 0x00, 0x00, 0x00, 0xf9, 0x00, 0x02, 0x00, 0x67,
    0x06, 0x00, 0x00, 0xf8, 0x00, 0x02, 0x00, 0x67, 0x06, 0x00, 0x00, 0xf6, 0x00, 0x04, 0x00, 0x81, 0x06, 0x00, 0x00,
    0x80, 0x06, 0x00, 0x00, 0x00, 0x00, 0x00, 0x00, 0xf9, 0x00, 0x02, 0x00, 0x68, 0x06, 0x00, 0x00, 0xf8, 0x00, 0x02,
    0x00, 0x68, 0x06, 0x00, 0x00, 0xf9, 0x00, 0x02, 0x00, 0x69, 0x06, 0x00, 0x00, 0xf8, 0x00, 0x02, 0x00, 0x69, 0x06,
    0x00, 0x00, 0xf9, 0x00, 0x02, 0x00, 0x6a, 0x06, 0x00, 0x00, 0xf8, 0x00, 0x02, 0x00, 0x6a, 0x06, 0x00, 0x00, 0x3d,
    0x00, 0x04, 0x00, 0x09, 0x00, 0x00, 0x00, 0x6b, 0x06, 0x00, 0x00, 0x60, 0x06, 0x00, 0x00, 0xb0, 0x00, 0x05, 0x00,
    0x1d, 0x00, 0x00, 0x00, 0x6c, 0x06, 0x00, 0x00, 0x6b, 0x06, 0x00, 0x00, 0x12, 0x03, 0x00, 0x00, 0xf7, 0x00, 0x03,
    0x00, 0x6e, 0x06, 0x00, 0x00, 0x00, 0x00, 0x00, 0x00, 0xfa, 0x00, 0x04, 0x00, 0x6c, 0x06, 0x00, 0x00, 0x6e, 0x06,
    0x00, 0x00, 0x6d, 0x06, 0x00, 0x00, 0xf8, 0x00, 0x02, 0x00, 0x6d, 0x06, 0x00, 0x00, 0xf9, 0x00, 0x02, 0x00, 0x81,
    0x06, 0x00, 0x00, 0xf8, 0x00, 0x02, 0x00, 0x6e, 0x06, 0x00, 0x00, 0x3d, 0x00, 0x04, 0x00, 0x09, 0x00, 0x00, 0x00,
    0x8e, 0x08, 0x00, 0x00, 0x86, 0x08, 0x00, 0x00, 0x3d, 0x00, 0x04, 0x00, 0x09, 0x00, 0x00, 0x00, 0x8d, 0x08, 0x00,
    0x00, 0x85, 0x08, 0x00, 0x00, 0x3d, 0x00, 0x04, 0x00, 0x09, 0x00, 0x00, 0x00, 0x8c, 0x08, 0x00, 0x00, 0x84, 0x08,
    0x00, 0x00, 0x3d, 0x00, 0x04, 0x00, 0x09, 0x00, 0x00, 0x00, 0x8b, 0x08, 0x00, 0x00, 0x83, 0x08, 0x00, 0x00, 0x3d,
    0x00, 0x04, 0x00, 0x09, 0x00, 0x00, 0x00, 0x8a, 0x08, 0x00, 0x00, 0x82, 0x08, 0x00, 0x00, 0x3d, 0x00, 0x04, 0x00,
    0x09, 0x00, 0x00, 0x00, 0x89, 0x08, 0x00, 0x00, 0x81, 0x08, 0x00, 0x00, 0x3d, 0x00, 0x04, 0x00, 0x09, 0x00, 0x00,
    0x00, 0x88, 0x08, 0x00, 0x00, 0x80, 0x08, 0x00, 0x00, 0x3d, 0x00, 0x04, 0x00, 0x09, 0x00, 0x00, 0x00, 0x87, 0x08,
    0x00, 0x00, 0x7f, 0x08, 0x00, 0x00, 0x50, 0x00, 0x0b, 0x00, 0x71, 0x02, 0x00, 0x00, 0x8f, 0x08, 0x00, 0x00, 0x87,
    0x08, 0x00, 0x00, 0x88, 0x08, 0x00, 0x00, 0x89, 0x08, 0x00, 0x00, 0x8a, 0x08, 0x00, 0x00, 0x8b, 0x08, 0x00, 0x00,
    0x8c, 0x08, 0x00, 0x00, 0x8d, 0x08, 0x00, 0x00, 0x8e, 0x08, 0x00, 0x00, 0x3e, 0x00, 0x03, 0x00, 0x61, 0x06, 0x00,
    0x00, 0x8f, 0x08, 0x00, 0x00, 0x3d, 0x00, 0x04, 0x00, 0x09, 0x00, 0x00, 0x00, 0x72, 0x06, 0x00, 0x00, 0x60, 0x06,
    0x00, 0x00, 0x41, 0x00, 0x05, 0x00, 0x20, 0x00, 0x00, 0x00, 0x73, 0x06, 0x00, 0x00, 0x61, 0x06, 0x00, 0x00, 0x72,
    0x06, 0x00, 0x00, 0x3d, 0x00, 0x04, 0x00, 0x09, 0x00, 0x00, 0x00, 0x74, 0x06, 0x00, 0x00, 0x73, 0x06, 0x00, 0x00,
    0x41, 0x00, 0x05, 0x00, 0x20, 0x00, 0x00, 0x00, 0x77, 0x06, 0x00, 0x00, 0x48, 0x07, 0x00, 0x00, 0x72, 0x06, 0x00,
    0x00, 0x3d, 0x00, 0x04, 0x00, 0x09, 0x00, 0x00, 0x00, 0x78, 0x06, 0x00, 0x00, 0x77, 0x06, 0x00, 0x00, 0xab, 0x00,
    0x05, 0x00, 0x1d, 0x00, 0x00, 0x00, 0x79, 0x06, 0x00, 0x00, 0x74, 0x06, 0x00, 0x00, 0x78, 0x06, 0x00, 0x00, 0xf7,
    0x00, 0x03, 0x00, 0x7b, 0x06, 0x00, 0x00, 0x00, 0x00, 0x00, 0x00, 0xfa, 0x00, 0x04, 0x00, 0x79, 0x06, 0x00, 0x00,
    0x7a, 0x06, 0x00, 0x00, 0x7b, 0x06, 0x00, 0x00, 0xf8, 0x00, 0x02, 0x00, 0x7a, 0x06, 0x00, 0x00, 0x3e, 0x00, 0x03,
    0x00, 0x5d, 0x06, 0x00, 0x00, 0xa6, 0x00, 0x00, 0x00, 0x3e, 0x00, 0x03, 0x00, 0x5e, 0x06, 0x00, 0x00, 0xf7, 0x00,
    0x00, 0x00, 0xf9, 0x00, 0x02, 0x00, 0x81, 0x06, 0x00, 0x00, 0xf8, 0x00, 0x02, 0x00, 0x7b, 0x06, 0x00, 0x00, 0xf9,
    0x00, 0x02, 0x00, 0x7c, 0x06, 0x00, 0x00, 0xf8, 0x00, 0x02, 0x00, 0x7c, 0x06, 0x00, 0x00, 0xf9, 0x00, 0x02, 0x00,
    0x7d, 0x06, 0x00, 0x00, 0xf8, 0x00, 0x02, 0x00, 0x7d, 0x06, 0x00, 0x00, 0x3d, 0x00, 0x04, 0x00, 0x09, 0x00, 0x00,
    0x00, 0x7e, 0x06, 0x00, 0x00, 0x60, 0x06, 0x00, 0x00, 0x80, 0x00, 0x05, 0x00, 0x09, 0x00, 0x00, 0x00, 0x7f, 0x06,
    0x00, 0x00, 0x7e, 0x06, 0x00, 0x00, 0xe2, 0x00, 0x00, 0x00, 0x3e, 0x00, 0x03, 0x00, 0x60, 0x06, 0x00, 0x00, 0x7f,
    0x06, 0x00, 0x00, 0xf9, 0x00, 0x02, 0x00, 0x80, 0x06, 0x00, 0x00, 0xf8, 0x00, 0x02, 0x00, 0x80, 0x06, 0x00, 0x00,
    0xf9, 0x00, 0x02, 0x00, 0x67, 0x06, 0x00, 0x00, 0xf8, 0x00, 0x02, 0x00, 0x81, 0x06, 0x00, 0x00, 0x3d, 0x00, 0x04,
    0x00, 0x1d, 0x00, 0x00, 0x00, 0x82, 0x06, 0x00, 0x00, 0x5d, 0x06, 0x00, 0x00, 0xf7, 0x00, 0x03, 0x00, 0x83, 0x06,
    0x00, 0x00, 0x00, 0x00, 0x00, 0x00, 0xfa, 0x00, 0x04, 0x00, 0x82, 0x06, 0x00, 0x00, 0x84, 0x06, 0x00, 0x00, 0x83,
    0x06, 0x00, 0x00, 0xf8, 0x00, 0x02, 0x00, 0x83, 0x06, 0x00, 0x00, 0x3e, 0x00, 0x03, 0x00, 0x5d, 0x06, 0x00, 0x00,
    0xa6, 0x00, 0x00, 0x00, 0x3e, 0x00, 0x03, 0x00, 0x5e, 0x06, 0x00, 0x00, 0xa6, 0x00, 0x00, 0x00, 0xf9, 0x00, 0x02,
    0x00, 0x84, 0x06, 0x00, 0x00, 0xf8, 0x00, 0x02, 0x00, 0x84, 0x06, 0x00, 0x00, 0x3d, 0x00, 0x04, 0x00, 0x1d, 0x00,
    0x00, 0x00, 0x85, 0x06, 0x00, 0x00, 0x5e, 0x06, 0x00, 0x00, 0xa8, 0x00, 0x04, 0x00, 0x1d, 0x00, 0x00, 0x00, 0x86,
    0x05, 0x00, 0x00, 0x85, 0x06, 0x00, 0x00, 0x3e, 0x00, 0x03, 0x00, 0x5d, 0x05, 0x00, 0x00, 0x86, 0x05, 0x00, 0x00,
    0xf9, 0x00, 0x02, 0x00, 0x87, 0x05, 0x00, 0x00, 0xf8, 0x00, 0x02, 0x00, 0x87, 0x05, 0x00, 0x00, 0x3d, 0x00, 0x04,
    0x00, 0x1d, 0x00, 0x00, 0x00, 0x88, 0x05, 0x00, 0x00, 0x5d, 0x05, 0x00, 0x00, 0xf7, 0x00, 0x03, 0x00, 0xa1, 0x05,
    0x00, 0x00, 0x00, 0x00, 0x00, 0x00, 0xfa, 0x00, 0x04, 0x00, 0x88, 0x05, 0x00, 0x00, 0x89, 0x05, 0x00, 0x00, 0xa1,
    0x05, 0x00, 0x00, 0xf8, 0x00, 0x02, 0x00, 0x89, 0x05, 0x00, 0x00, 0x41, 0x00, 0x05, 0x00, 0x6a, 0x02, 0x00, 0x00,
    0x8a, 0x05, 0x00, 0x00, 0x7d, 0x05, 0x00, 0x00, 0x6f, 0x00, 0x00, 0x00, 0x3d, 0x00, 0x06, 0x00, 0x69, 0x02, 0x00,
    0x00, 0x8b, 0x05, 0x00, 0x00, 0x8a, 0x05, 0x00, 0x00, 0x02, 0x00, 0x00, 0x00, 0x04, 0x00, 0x00, 0x00, 0x90, 0x01,
    0x04, 0x00, 0x6f, 0x02, 0x00, 0x00, 0x8c, 0x05, 0x00, 0x00, 0x8b, 0x05, 0x00, 0x00, 0x51, 0x00, 0x05, 0x00, 0x70,
    0x02, 0x00, 0x00, 0x4b, 0x07, 0x00, 0x00, 0x8c, 0x05, 0x00, 0x00, 0x00, 0x00, 0x00, 0x00, 0x51, 0x00, 0x05, 0x00,
    0x71, 0x02, 0x00, 0x00, 0x3b, 0x08, 0x00, 0x00, 0x4b, 0x07, 0x00, 0x00, 0x00, 0x00, 0x00, 0x00, 0x51, 0x00, 0x05,
    0x00, 0x09, 0x00, 0x00, 0x00, 0xeb, 0x08, 0x00, 0x00, 0x3b, 0x08, 0x00, 0x00, 0x00, 0x00, 0x00, 0x00, 0x51, 0x00,
    0x05, 0x00, 0x09, 0x00, 0x00, 0x00, 0xec, 0x08, 0x00, 0x00, 0x3b, 0x08, 0x00, 0x00, 0x01, 0x00, 0x00, 0x00, 0x51,
    0x00, 0x05, 0x00, 0x09, 0x00, 0x00, 0x00, 0xed, 0x08, 0x00, 0x00, 0x3b, 0x08, 0x00, 0x00, 0x02, 0x00, 0x00, 0x00,
    0x51, 0x00, 0x05, 0x00, 0x09, 0x00, 0x00, 0x00, 0xee, 0x08, 0x00, 0x00, 0x3b, 0x08, 0x00, 0x00, 0x03, 0x00, 0x00,
    0x00, 0x51, 0x00, 0x05, 0x00, 0x09, 0x00, 0x00, 0x00, 0xef, 0x08, 0x00, 0x00, 0x3b, 0x08, 0x00, 0x00, 0x04, 0x00,
    0x00, 0x00, 0x51, 0x00, 0x05, 0x00, 0x09, 0x00, 0x00, 0x00, 0xf0, 0x08, 0x00, 0x00, 0x3b, 0x08, 0x00, 0x00, 0x05,
    0x00, 0x00, 0x00, 0x51, 0x00, 0x05, 0x00, 0x09, 0x00, 0x00, 0x00, 0xf1, 0x08, 0x00, 0x00, 0x3b, 0x08, 0x00, 0x00,
    0x06, 0x00, 0x00, 0x00, 0x51, 0x00, 0x05, 0x00, 0x09, 0x00, 0x00, 0x00, 0xf2, 0x08, 0x00, 0x00, 0x3b, 0x08, 0x00,
    0x00, 0x07, 0x00, 0x00, 0x00, 0x3e, 0x00, 0x03, 0x00, 0x59, 0x05, 0x00, 0x00, 0xa6, 0x00, 0x00, 0x00, 0x3e, 0x00,
    0x03, 0x00, 0x0f, 0x08, 0x00, 0x00, 0xeb, 0x08, 0x00, 0x00, 0x3e, 0x00, 0x03, 0x00, 0x10, 0x08, 0x00, 0x00, 0xec,
    0x08, 0x00, 0x00, 0x3e, 0x00, 0x03, 0x00, 0x11, 0x08, 0x00, 0x00, 0xed, 0x08, 0x00, 0x00, 0x3e, 0x00, 0x03, 0x00,
    0x12, 0x08, 0x00, 0x00, 0xee, 0x08, 0x00, 0x00, 0x3e, 0x00, 0x03, 0x00, 0x13, 0x08, 0x00, 0x00, 0xef, 0x08, 0x00,
    0x00, 0x3e, 0x00, 0x03, 0x00, 0x14, 0x08, 0x00, 0x00, 0xf0, 0x08, 0x00, 0x00, 0x3e, 0x00, 0x03, 0x00, 0x15, 0x08,
    0x00, 0x00, 0xf1, 0x08, 0x00, 0x00, 0x3e, 0x00, 0x03, 0x00, 0x16, 0x08, 0x00, 0x00, 0xf2, 0x08, 0x00, 0x00, 0xf9,
    0x00, 0x02, 0x00, 0xa7, 0x05, 0x00, 0x00, 0xf8, 0x00, 0x02, 0x00, 0xa1, 0x05, 0x00, 0x00, 0xf9, 0x00, 0x02, 0x00,
    0xa3, 0x05, 0x00, 0x00, 0xf8, 0x00, 0x02, 0x00, 0xa2, 0x05, 0x00, 0x00, 0x3e, 0x00, 0x03, 0x00, 0x59, 0x05, 0x00,
    0x00, 0xa6, 0x00, 0x00, 0x00, 0x3e, 0x00, 0x03, 0x00, 0x0f, 0x08, 0x00, 0x00, 0xac, 0x00, 0x00, 0x00, 0x3e, 0x00,
    0x03, 0x00, 0x10, 0x08, 0x00, 0x00, 0xac, 0x00, 0x00, 0x00, 0x3e, 0x00, 0x03, 0x00, 0x11, 0x08, 0x00, 0x00, 0xac,
    0x00, 0x00, 0x00, 0x3e, 0x00, 0x03, 0x00, 0x12, 0x08, 0x00, 0x00, 0xac, 0x00, 0x00, 0x00, 0x3e, 0x00, 0x03, 0x00,
    0x13, 0x08, 0x00, 0x00, 0xac, 0x00, 0x00, 0x00, 0x3e, 0x00, 0x03, 0x00, 0x14, 0x08, 0x00, 0x00, 0xac, 0x00, 0x00,
    0x00, 0x3e, 0x00, 0x03, 0x00, 0x15, 0x08, 0x00, 0x00, 0xac, 0x00, 0x00, 0x00, 0x3e, 0x00, 0x03, 0x00, 0x16, 0x08,
    0x00, 0x00, 0xac, 0x00, 0x00, 0x00, 0xf9, 0x00, 0x02, 0x00, 0xa7, 0x05, 0x00, 0x00, 0xf8, 0x00, 0x02, 0x00, 0xa3,
    0x05, 0x00, 0x00, 0xf9, 0x00, 0x02, 0x00, 0xa4, 0x05, 0x00, 0x00, 0xf8, 0x00, 0x02, 0x00, 0xa4, 0x05, 0x00, 0x00,
    0x80, 0x00, 0x05, 0x00, 0x09, 0x00, 0x00, 0x00, 0xa5, 0x05, 0x00, 0x00, 0x7a, 0x05, 0x00, 0x00, 0xe2, 0x00, 0x00,
    0x00, 0x3e, 0x00, 0x03, 0x00, 0x5e, 0x05, 0x00, 0x00, 0xa5, 0x05, 0x00, 0x00, 0xf9, 0x00, 0x02, 0x00, 0xa6, 0x05,
    0x00, 0x00, 0xf8, 0x00, 0x02, 0x00, 0xa6, 0x05, 0x00, 0x00, 0xf9, 0x00, 0x02, 0x00, 0x73, 0x05, 0x00, 0x00, 0xf8,
    0x00, 0x02, 0x00, 0xa7, 0x05, 0x00, 0x00, 0x3d, 0x00, 0x04, 0x00, 0x1d, 0x00, 0x00, 0x00, 0xa8, 0x05, 0x00, 0x00,
    0x59, 0x05, 0x00, 0x00, 0xf7, 0x00, 0x03, 0x00, 0xa9, 0x05, 0x00, 0x00, 0x00, 0x00, 0x00, 0x00, 0xfa, 0x00, 0x04,
    0x00, 0xa8, 0x05, 0x00, 0x00, 0xaa, 0x05, 0x00, 0x00, 0xa9, 0x05, 0x00, 0x00, 0xf8, 0x00, 0x02, 0x00, 0xa9, 0x05,
    0x00, 0x00, 0xf9, 0x00, 0x02, 0x00, 0xaa, 0x05, 0x00, 0x00, 0xf8, 0x00, 0x02, 0x00, 0xaa, 0x05, 0x00, 0x00, 0x3d,
    0x00, 0x04, 0x00, 0x09, 0x00, 0x00, 0x00, 0x36, 0x08, 0x00, 0x00, 0x16, 0x08, 0x00, 0x00, 0x3d, 0x00, 0x04, 0x00,
    0x09, 0x00, 0x00, 0x00, 0x35, 0x08, 0x00, 0x00, 0x15, 0x08, 0x00, 0x00, 0x3d, 0x00, 0x04, 0x00, 0x09, 0x00, 0x00,
    0x00, 0x34, 0x08, 0x00, 0x00, 0x14, 0x08, 0x00, 0x00, 0x3d, 0x00, 0x04, 0x00, 0x09, 0x00, 0x00, 0x00, 0x33, 0x08,
    0x00, 0x00, 0x13, 0x08, 0x00, 0x00, 0x3d, 0x00, 0x04, 0x00, 0x09, 0x00, 0x00, 0x00, 0x32, 0x08, 0x00, 0x00, 0x12,
    0x08, 0x00, 0x00, 0x3d, 0x00, 0x04, 0x00, 0x09, 0x00, 0x00, 0x00, 0x31, 0x08, 0x00, 0x00, 0x11, 0x08, 0x00, 0x00,
    0x3d, 0x00, 0x04, 0x00, 0x09, 0x00, 0x00, 0x00, 0x30, 0x08, 0x00, 0x00, 0x10, 0x08, 0x00, 0x00, 0x3d, 0x00, 0x04,
    0x00, 0x09, 0x00, 0x00, 0x00, 0x2f, 0x08, 0x00, 0x00, 0x0f, 0x08, 0x00, 0x00, 0x50, 0x00, 0x0b, 0x00, 0x71, 0x02,
    0x00, 0x00, 0x54, 0x08, 0x00, 0x00, 0x2f, 0x08, 0x00, 0x00, 0x30, 0x08, 0x00, 0x00, 0x31, 0x08, 0x00, 0x00, 0x32,
    0x08, 0x00, 0x00, 0x33, 0x08, 0x00, 0x00, 0x34, 0x08, 0x00, 0x00, 0x35, 0x08, 0x00, 0x00, 0x36, 0x08, 0x00, 0x00,
    0x3d, 0x00, 0x04, 0x00, 0x86, 0x02, 0x00, 0x00, 0xc9, 0x03, 0x00, 0x00, 0x8b, 0x02, 0x00, 0x00, 0x90, 0x01, 0x04,
    0x00, 0x65, 0x02, 0x00, 0x00, 0xca, 0x03, 0x00, 0x00, 0xc9, 0x03, 0x00, 0x00, 0x51, 0x00, 0x05, 0x00, 0x6b, 0x02,
    0x00, 0x00, 0x5f, 0x07, 0x00, 0x00, 0xca, 0x03, 0x00, 0x00, 0x02, 0x00, 0x00, 0x00, 0x43, 0x00, 0x05, 0x00, 0x6b,
    0x02, 0x00, 0x00, 0xce, 0x03, 0x00, 0x00, 0x5f, 0x07, 0x00, 0x00, 0x84, 0x02, 0x00, 0x00, 0x3d, 0x00, 0x06, 0x00,
    0x6a, 0x02, 0x00, 0x00, 0xcf, 0x03, 0x00, 0x00, 0xce, 0x03, 0x00, 0x00, 0x02, 0x00, 0x00, 0x00, 0x08, 0x00, 0x00,
    0x00, 0x50, 0x00, 0x0b, 0x00, 0x71, 0x02, 0x00, 0x00, 0xb3, 0x07, 0x00, 0x00, 0xac, 0x00, 0x00, 0x00, 0xac, 0x00,
    0x00, 0x00, 0xac, 0x00, 0x00, 0x00, 0xac, 0x00, 0x00, 0x00, 0xac, 0x00, 0x00, 0x00, 0xac, 0x00, 0x00, 0x00, 0xac,
    0x00, 0x00, 0x00, 0xac, 0x00, 0x00, 0x00, 0x3e, 0x00, 0x03, 0x00, 0x60, 0x07, 0x00, 0x00, 0x54, 0x08, 0x00, 0x00,
    0x3e, 0x00, 0x03, 0x00, 0x62, 0x07, 0x00, 0x00, 0xb3, 0x07, 0x00, 0x00, 0x3e, 0x00, 0x03, 0x00, 0x90, 0x06, 0x00,
    0x00, 0xf7, 0x00, 0x00, 0x00, 0xf7, 0x00, 0x03, 0x00, 0xb1, 0x06, 0x00, 0x00, 0x00, 0x00, 0x00, 0x00, 0xfb, 0x00,
    0x03, 0x00, 0xac, 0x00, 0x00, 0x00, 0x95, 0x06, 0x00, 0x00, 0xf8, 0x00, 0x02, 0x00, 0x95, 0x06, 0x00, 0x00, 0x3e,
    0x00, 0x03, 0x00, 0x92, 0x06, 0x00, 0x00, 0xac, 0x00, 0x00, 0x00, 0xf9, 0x00, 0x02, 0x00, 0x96, 0x06, 0x00, 0x00,
    0xf8, 0x00, 0x02, 0x00, 0x96, 0x06, 0x00, 0x00, 0xf6, 0x00, 0x04, 0x00, 0xae, 0x06, 0x00, 0x00, 0xad, 0x06, 0x00,
    0x00, 0x00, 0x00, 0x00, 0x00, 0xf9, 0x00, 0x02, 0x00, 0x97, 0x06, 0x00, 0x00, 0xf8, 0x00, 0x02, 0x00, 0x97, 0x06,
    0x00, 0x00, 0xf9, 0x00, 0x02, 0x00, 0x98, 0x06, 0x00, 0x00, 0xf8, 0x00, 0x02, 0x00, 0x98, 0x06, 0x00, 0x00, 0xf9,
    0x00, 0x02, 0x00, 0x99, 0x06, 0x00, 0x00, 0xf8, 0x00, 0x02, 0x00, 0x99, 0x06, 0x00, 0x00, 0x3d, 0x00, 0x04, 0x00,
    0x09, 0x00, 0x00, 0x00, 0x9a, 0x06, 0x00, 0x00, 0x92, 0x06, 0x00, 0x00, 0xb0, 0x00, 0x05, 0x00, 0x1d, 0x00, 0x00,
    0x00, 0x9b, 0x06, 0x00, 0x00, 0x9a, 0x06, 0x00, 0x00, 0x12, 0x03, 0x00, 0x00, 0xf7, 0x00, 0x03, 0x00, 0x9d, 0x06,
    0x00, 0x00, 0x00, 0x00, 0x00, 0x00, 0xfa, 0x00, 0x04, 0x00, 0x9b, 0x06, 0x00, 0x00, 0x9d, 0x06, 0x00, 0x00, 0x9c,
    0x06, 0x00, 0x00, 0xf8, 0x00, 0x02, 0x00, 0x9c, 0x06, 0x00, 0x00, 0xf9, 0x00, 0x02, 0x00, 0xae, 0x06, 0x00, 0x00,
    0xf8, 0x00, 0x02, 0x00, 0x9d, 0x06, 0x00, 0x00, 0x3d, 0x00, 0x04, 0x00, 0x09, 0x00, 0x00, 0x00, 0x9f, 0x06, 0x00,
    0x00, 0x92, 0x06, 0x00, 0x00, 0x41, 0x00, 0x05, 0x00, 0x20, 0x00, 0x00, 0x00, 0xa0, 0x06, 0x00, 0x00, 0x60, 0x07,
    0x00, 0x00, 0x9f, 0x06, 0x00, 0x00, 0x3d, 0x00, 0x04, 0x00, 0x09, 0x00, 0x00, 0x00, 0xa1, 0x06, 0x00, 0x00, 0xa0,
    0x06, 0x00, 0x00, 0x41, 0x00, 0x05, 0x00, 0x20, 0x00, 0x00, 0x00, 0xa4, 0x06, 0x00, 0x00, 0x62, 0x07, 0x00, 0x00,
    0x9f, 0x06, 0x00, 0x00, 0x3d, 0x00, 0x04, 0x00, 0x09, 0x00, 0x00, 0x00, 0xa5, 0x06, 0x00, 0x00, 0xa4, 0x06, 0x00,
    0x00, 0xab, 0x00, 0x05, 0x00, 0x1d, 0x00, 0x00, 0x00, 0xa6, 0x06, 0x00, 0x00, 0xa1, 0x06, 0x00, 0x00, 0xa5, 0x06,
    0x00, 0x00, 0xf7, 0x00, 0x03, 0x00, 0xa8, 0x06, 0x00, 0x00, 0x00, 0x00, 0x00, 0x00, 0xfa, 0x00, 0x04, 0x00, 0xa6,
    0x06, 0x00, 0x00, 0xa7, 0x06, 0x00, 0x00, 0xa8, 0x06, 0x00, 0x00, 0xf8, 0x00, 0x02, 0x00, 0xa7, 0x06, 0x00, 0x00,
    0x3e, 0x00, 0x03, 0x00, 0x90, 0x06, 0x00, 0x00, 0xa6, 0x00, 0x00, 0x00, 0x3e, 0x00, 0x03, 0x00, 0x91, 0x06, 0x00,
    0x00, 0xf7, 0x00, 0x00, 0x00, 0xf9, 0x00, 0x02, 0x00, 0xae, 0x06, 0x00, 0x00, 0xf8, 0x00, 0x02, 0x00, 0xa8, 0x06,
    0x00, 0x00, 0xf9, 0x00, 0x02, 0x00, 0xa9, 0x06, 0x00, 0x00, 0xf8, 0x00, 0x02, 0x00, 0xa9, 0x06, 0x00, 0x00, 0xf9,
    0x00, 0x02, 0x00, 0xaa, 0x06, 0x00, 0x00, 0xf8, 0x00, 0x02, 0x00, 0xaa, 0x06, 0x00, 0x00, 0x3d, 0x00, 0x04, 0x00,
    0x09, 0x00, 0x00, 0x00, 0xab, 0x06, 0x00, 0x00, 0x92, 0x06, 0x00, 0x00, 0x80, 0x00, 0x05, 0x00, 0x09, 0x00, 0x00,
    0x00, 0xac, 0x06, 0x00, 0x00, 0xab, 0x06, 0x00, 0x00, 0xe2, 0x00, 0x00, 0x00, 0x3e, 0x00, 0x03, 0x00, 0x92, 0x06,
    0x00, 0x00, 0xac, 0x06, 0x00, 0x00, 0xf9, 0x00, 0x02, 0x00, 0xad, 0x06, 0x00, 0x00, 0xf8, 0x00, 0x02, 0x00, 0xad,
    0x06, 0x00, 0x00, 0xf9, 0x00, 0x02, 0x00, 0x96, 0x06, 0x00, 0x00, 0xf8, 0x00, 0x02, 0x00, 0xae, 0x06, 0x00, 0x00,
    0x3d, 0x00, 0x04, 0x00, 0x1d, 0x00, 0x00, 0x00, 0xaf, 0x06, 0x00, 0x00, 0x90, 0x06, 0x00, 0x00, 0xf7, 0x00, 0x03,
    0x00, 0xb0, 0x06, 0x00, 0x00, 0x00, 0x00, 0x00, 0x00, 0xfa, 0x00, 0x04, 0x00, 0xaf, 0x06, 0x00, 0x00, 0xb1, 0x06,
    0x00, 0x00, 0xb0, 0x06, 0x00, 0x00, 0xf8, 0x00, 0x02, 0x00, 0xb0, 0x06, 0x00, 0x00, 0x3e, 0x00, 0x03, 0x00, 0x90,
    0x06, 0x00, 0x00, 0xa6, 0x00, 0x00, 0x00, 0x3e, 0x00, 0x03, 0x00, 0x91, 0x06, 0x00, 0x00, 0xa6, 0x00, 0x00, 0x00,
    0xf9, 0x00, 0x02, 0x00, 0xb1, 0x06, 0x00, 0x00, 0xf8, 0x00, 0x02, 0x00, 0xb1, 0x06, 0x00, 0x00, 0x3d, 0x00, 0x04,
    0x00, 0x1d, 0x00, 0x00, 0x00, 0xb2, 0x06, 0x00, 0x00, 0x91, 0x06, 0x00, 0x00, 0xf7, 0x00, 0x03, 0x00, 0x82, 0x02,
    0x00, 0x00, 0x00, 0x00, 0x00, 0x00, 0xfa, 0x00, 0x04, 0x00, 0xb2, 0x06, 0x00, 0x00, 0x80, 0x02, 0x00, 0x00, 0x81,
    0x02, 0x00, 0x00, 0xf8, 0x00, 0x02, 0x00, 0x81, 0x02, 0x00, 0x00, 0x3e, 0x00, 0x03, 0x00, 0x5e, 0x08, 0x00, 0x00,
    0x2f, 0x08, 0x00, 0x00, 0x3e, 0x00, 0x03, 0x00, 0x5f, 0x08, 0x00, 0x00, 0x30, 0x08, 0x00, 0x00, 0x3e, 0x00, 0x03,
    0x00, 0x60, 0x08, 0x00, 0x00, 0x31, 0x08, 0x00, 0x00, 0x3e, 0x00, 0x03, 0x00, 0x61, 0x08, 0x00, 0x00, 0x32, 0x08,
    0x00, 0x00, 0x3e, 0x00, 0x03, 0x00, 0x62, 0x08, 0x00, 0x00, 0x33, 0x08, 0x00, 0x00, 0x3e, 0x00, 0x03, 0x00, 0x63,
    0x08, 0x00, 0x00, 0x34, 0x08, 0x00, 0x00, 0x3e, 0x00, 0x03, 0x00, 0x64, 0x08, 0x00, 0x00, 0x35, 0x08, 0x00, 0x00,
    0x3e, 0x00, 0x03, 0x00, 0x65, 0x08, 0x00, 0x00, 0x36, 0x08, 0x00, 0x00, 0xf9, 0x00, 0x02, 0x00, 0x82, 0x02, 0x00,
    0x00, 0xf8, 0x00, 0x02, 0x00, 0x80, 0x02, 0x00, 0x00, 0x3e, 0x00, 0x03, 0x00, 0x5e, 0x08, 0x00, 0x00, 0xfb, 0x08,
    0x00, 0x00, 0x3e, 0x00, 0x03, 0x00, 0x5f, 0x08, 0x00, 0x00, 0xfc, 0x08, 0x00, 0x00, 0x3e, 0x00, 0x03, 0x00, 0x60,
    0x08, 0x00, 0x00, 0xfd, 0x08, 0x00, 0x00, 0x3e, 0x00, 0x03, 0x00, 0x61, 0x08, 0x00, 0x00, 0xfe, 0x08, 0x00, 0x00,
    0x3e, 0x00, 0x03, 0x00, 0x62, 0x08, 0x00, 0x00, 0xff, 0x08, 0x00, 0x00, 0x3e, 0x00, 0x03, 0x00, 0x63, 0x08, 0x00,
    0x00, 0x00, 0x09, 0x00, 0x00, 0x3e, 0x00, 0x03, 0x00, 0x64, 0x08, 0x00, 0x00, 0x01, 0x09, 0x00, 0x00, 0x3e, 0x00,
    0x03, 0x00, 0x65, 0x08, 0x00, 0x00, 0x02, 0x09, 0x00, 0x00, 0xf9, 0x00, 0x02, 0x00, 0x82, 0x02, 0x00, 0x00, 0xf8,
    0x00, 0x02, 0x00, 0x82, 0x02, 0x00, 0x00, 0x3d, 0x00, 0x04, 0x00, 0x09, 0x00, 0x00, 0x00, 0x7d, 0x08, 0x00, 0x00,
    0x65, 0x08, 0x00, 0x00, 0x3d, 0x00, 0x04, 0x00, 0x09, 0x00, 0x00, 0x00, 0x7c, 0x08, 0x00, 0x00, 0x64, 0x08, 0x00,
    0x00, 0x3d, 0x00, 0x04, 0x00, 0x09, 0x00, 0x00, 0x00, 0x7b, 0x08, 0x00, 0x00, 0x63, 0x08, 0x00, 0x00, 0x3d, 0x00,
    0x04, 0x00, 0x09, 0x00, 0x00, 0x00, 0x7a, 0x08, 0x00, 0x00, 0x62, 0x08, 0x00, 0x00, 0x3d, 0x00, 0x04, 0x00, 0x09,
    0x00, 0x00, 0x00, 0x79, 0x08, 0x00, 0x00, 0x61, 0x08, 0x00, 0x00, 0x3d, 0x00, 0x04, 0x00, 0x09, 0x00, 0x00, 0x00,
    0x78, 0x08, 0x00, 0x00, 0x60, 0x08, 0x00, 0x00, 0x3d, 0x00, 0x04, 0x00, 0x09, 0x00, 0x00, 0x00, 0x77, 0x08, 0x00,
    0x00, 0x5f, 0x08, 0x00, 0x00, 0x3d, 0x00, 0x04, 0x00, 0x09, 0x00, 0x00, 0x00, 0x76, 0x08, 0x00, 0x00, 0x5e, 0x08,
    0x00, 0x00, 0x41, 0x00, 0x05, 0x00, 0x04, 0x04, 0x00, 0x00, 0x05, 0x04, 0x00, 0x00, 0xcf, 0x03, 0x00, 0x00, 0x56,
    0x00, 0x00, 0x00, 0x41, 0x00, 0x05, 0x00, 0x06, 0x04, 0x00, 0x00, 0x07, 0x04, 0x00, 0x00, 0x05, 0x04, 0x00, 0x00,
    0x56, 0x00, 0x00, 0x00, 0x41, 0x00, 0x05, 0x00, 0x74, 0x01, 0x00, 0x00, 0x09, 0x04, 0x00, 0x00, 0x07, 0x04, 0x00,
    0x00, 0x56, 0x00, 0x00, 0x00, 0x3e, 0x00, 0x05, 0x00, 0x09, 0x04, 0x00, 0x00, 0x76, 0x08, 0x00, 0x00, 0x02, 0x00,
    0x00, 0x00, 0x04, 0x00, 0x00, 0x00, 0x41, 0x00, 0x05, 0x00, 0x74, 0x01, 0x00, 0x00, 0x0c, 0x04, 0x00, 0x00, 0x07,
    0x04, 0x00, 0x00, 0x6f, 0x00, 0x00, 0x00, 0x3e, 0x00, 0x05, 0x00, 0x0c, 0x04, 0x00, 0x00, 0x77, 0x08, 0x00, 0x00,
    0x02, 0x00, 0x00, 0x00, 0x04, 0x00, 0x00, 0x00, 0x41, 0x00, 0x05, 0x00, 0x74, 0x01, 0x00, 0x00, 0x0f, 0x04, 0x00,
    0x00, 0x07, 0x04, 0x00, 0x00, 0x65, 0x00, 0x00, 0x00, 0x3e, 0x00, 0x05, 0x00, 0x0f, 0x04, 0x00, 0x00, 0x78, 0x08,
    0x00, 0x00, 0x02, 0x00, 0x00, 0x00, 0x04, 0x00, 0x00, 0x00, 0x41, 0x00, 0x05, 0x00, 0x74, 0x01, 0x00, 0x00, 0x12,
    0x04, 0x00, 0x00, 0x07, 0x04, 0x00, 0x00, 0xb9, 0x01, 0x00, 0x00, 0x3e, 0x00, 0x05, 0x00, 0x12, 0x04, 0x00, 0x00,
    0x79, 0x08, 0x00, 0x00, 0x02, 0x00, 0x00, 0x00, 0x04, 0x00, 0x00, 0x00, 0x41, 0x00, 0x05, 0x00, 0x74, 0x01, 0x00,
    0x00, 0x15, 0x04, 0x00, 0x00, 0x07, 0x04, 0x00, 0x00, 0x5c, 0x00, 0x00, 0x00, 0x3e, 0x00, 0x05, 0x00, 0x15, 0x04,
    0x00, 0x00, 0x7a, 0x08, 0x00, 0x00, 0x02, 0x00, 0x00, 0x00, 0x04, 0x00, 0x00, 0x00, 0x41, 0x00, 0x05, 0x00, 0x74,
    0x01, 0x00, 0x00, 0x18, 0x04, 0x00, 0x00, 0x07, 0x04, 0x00, 0x00, 0xb0, 0x02, 0x00, 0x00, 0x3e, 0x00, 0x05, 0x00,
    0x18, 0x04, 0x00, 0x00, 0x7b, 0x08, 0x00, 0x00, 0x02, 0x00, 0x00, 0x00, 0x04, 0x00, 0x00, 0x00, 0x41, 0x00, 0x05,
    0x00, 0x74, 0x01, 0x00, 0x00, 0x1b, 0x04, 0x00, 0x00, 0x07, 0x04, 0x00, 0x00, 0xb3, 0x02, 0x00, 0x00, 0x3e, 0x00,
    0x05, 0x00, 0x1b, 0x04, 0x00, 0x00, 0x7c, 0x08, 0x00, 0x00, 0x02, 0x00, 0x00, 0x00, 0x04, 0x00, 0x00, 0x00, 0x41,
    0x00, 0x05, 0x00, 0x74, 0x01, 0x00, 0x00, 0x1e, 0x04, 0x00, 0x00, 0x07, 0x04, 0x00, 0x00, 0xb6, 0x02, 0x00, 0x00,
    0x3e, 0x00, 0x05, 0x00, 0x1e, 0x04, 0x00, 0x00, 0x7d, 0x08, 0x00, 0x00, 0x02, 0x00, 0x00, 0x00, 0x04, 0x00, 0x00,
    0x00, 0xf9, 0x00, 0x02, 0x00, 0x27, 0x04, 0x00, 0x00, 0xf8, 0x00, 0x02, 0x00, 0x27, 0x04, 0x00, 0x00, 0xfd, 0x00,
    0x01, 0x00, 0x38, 0x00, 0x01, 0x00
};

GFXRECON_END_NAMESPACE(decode)
GFXRECON_END_NAMESPACE(gfxrecon)

#endif // GFXRECON_DECODE_VULKAN_ADDRESS_REPLACER_SHADERS_H
